City_ID,City,Country,Date,Lat,Lng,Max Temp,Humidity,Cloudiness,Wind Speed
0,Katherine,AU,2022-03-25 20:05:04,-14.4667,132.2667,77.32,73,40,3.44
1,Mataura,NZ,2022-03-25 20:05:05,-46.1927,168.8643,51.91,97,89,2.89
2,Sarankhola,BD,2022-03-25 20:05:05,22.3082,89.7897,77.88,89,39,11.21
3,Rikitea,PF,2022-03-25 20:05:10,-23.1203,-134.9692,79.57,73,88,19.35
4,Albany,US,2022-03-25 20:05:10,42.6001,-73.9662,52.59,67,97,11.74
5,Busselton,AU,2022-03-25 20:05:11,-33.65,115.3333,67.26,78,100,6.26
6,Isangel,VU,2022-03-25 20:05:11,-19.55,169.2667,78.4,78,98,9.55
7,Ushuaia,AR,2022-03-25 20:05:12,-54.8,-68.3,56.86,51,40,12.66
8,Am Timan,TD,2022-03-25 20:05:12,11.0297,20.2827,88.47,12,100,2.06
9,Cradock,ZA,2022-03-25 20:01:15,-32.1642,25.6192,56.79,84,100,6.08
10,Tomakomai,JP,2022-03-25 20:05:13,42.6369,141.6033,38.71,87,75,12.66
11,Qaqortoq,GL,2022-03-25 20:05:13,60.7167,-46.0333,28.18,72,6,2.51
12,Mahebourg,MU,2022-03-25 20:05:14,-20.4081,57.7,78.26,81,17,8.9
13,Faanui,PF,2022-03-25 20:05:14,-16.4833,-151.75,82.15,72,64,16.04
14,Castro,BR,2022-03-25 20:01:25,-24.7911,-50.0119,65.19,99,100,3.11
15,Mangai,CD,2022-03-25 20:05:15,-4.05,19.5333,73.8,89,100,2.04
16,Itoman,JP,2022-03-25 20:02:06,26.1247,127.6694,73.42,94,100,20.71
17,Puerto Ayora,EC,2022-03-25 20:05:16,-0.7393,-90.3518,85.96,79,68,6.58
18,Kapaa,US,2022-03-25 20:05:16,22.0752,-159.319,78.78,68,75,21.85
19,Cordele,US,2022-03-25 20:05:16,31.9635,-83.7824,70.32,24,0,19.57
20,Ugoofaaru,MV,2022-03-25 20:05:17,5.6667,73.0,81.7,65,8,3.02
21,Mount Gambier,AU,2022-03-25 20:05:17,-37.8333,140.7667,46.31,100,75,0.0
22,Kalundborg,DK,2022-03-25 20:05:18,55.6795,11.0886,48.34,83,21,17.65
23,Yerbogachen,RU,2022-03-25 20:05:18,61.2767,108.0108,-0.83,99,100,2.1
24,Ewa Beach,US,2022-03-25 20:04:24,21.3156,-158.0072,76.42,82,75,12.66
25,Udachnyy,RU,2022-03-25 20:05:18,66.4167,112.4,-10.44,100,100,4.63
26,Paamiut,GL,2022-03-25 20:05:19,61.994,-49.6678,23.38,74,36,12.75
27,Suntar,RU,2022-03-25 20:05:19,62.1444,117.6319,-0.99,100,100,0.58
28,Punta Arenas,CL,2022-03-25 20:01:16,-53.15,-70.9167,51.6,70,100,16.42
29,Narsaq,GL,2022-03-25 20:05:20,60.9167,-46.05,34.02,74,6,1.5
30,Escuinapa,MX,2022-03-25 20:05:20,22.85,-105.8,85.96,29,61,8.9
31,Butaritari,KI,2022-03-25 20:05:21,3.0707,172.7902,79.92,79,30,11.54
32,Georgetown,MY,2022-03-25 20:05:21,5.4112,100.3354,78.73,83,20,2.3
33,Lompoc,US,2022-03-25 20:00:46,34.6391,-120.4579,79.7,68,100,3.0
34,Katsuura,JP,2022-03-25 20:05:22,35.1333,140.3,60.19,78,100,21.83
35,Lazaro Cardenas,MX,2022-03-25 20:05:22,17.9583,-102.2,85.1,32,20,10.98
36,Maloy,NO,2022-03-25 20:05:23,61.9353,5.1136,40.73,70,100,16.2
37,Deputatskiy,RU,2022-03-25 20:05:23,69.3,139.9,-10.17,93,73,6.11
38,Bredasdorp,ZA,2022-03-25 20:05:24,-34.5322,20.0403,64.36,65,100,12.71
39,Hasaki,JP,2022-03-25 20:05:24,35.7333,140.8333,57.6,75,100,22.46
40,Pevek,RU,2022-03-25 20:05:24,69.7008,170.3133,-16.37,98,95,3.87
41,Sijunjung,ID,2022-03-25 20:05:25,-0.6876,100.9537,71.38,86,31,1.41
42,Pierre,US,2022-03-25 20:01:25,44.3683,-100.351,53.85,30,2,21.99
43,Alamosa,US,2022-03-25 20:01:15,37.4695,-105.87,62.58,15,0,5.75
44,Lithakia,GR,2022-03-25 20:05:25,37.7167,20.8333,47.57,66,1,14.43
45,New Norfolk,AU,2022-03-25 20:05:26,-42.7826,147.0587,52.72,86,6,2.62
46,Zanjan,IR,2022-03-25 20:05:56,36.6736,48.4787,37.69,55,99,9.98
47,Coquimbo,CL,2022-03-25 20:05:57,-29.9533,-71.3436,64.13,77,75,11.5
48,Huarmey,PE,2022-03-25 20:05:57,-10.0681,-78.1522,75.88,71,87,11.18
49,Talnakh,RU,2022-03-25 20:05:57,69.4865,88.3972,13.21,88,100,9.6
50,Bathsheba,BB,2022-03-25 20:05:58,13.2167,-59.5167,83.01,61,20,24.16
51,Chapleau,CA,2022-03-25 20:05:58,47.8405,-83.4034,32.36,96,100,6.11
52,Coahuayana,MX,2022-03-25 20:05:58,18.7333,-103.6833,89.31,30,0,8.7
53,Sechura,PE,2022-03-25 20:05:59,-5.5569,-80.8222,82.81,56,85,12.62
54,Avarua,CK,2022-03-25 20:05:59,-21.2078,-159.775,80.65,83,75,11.5
55,Norman Wells,CA,2022-03-25 20:06:00,65.282,-126.8329,5.43,87,69,13.33
56,Muros,ES,2022-03-25 20:06:00,42.7762,-9.0603,61.09,71,55,5.79
57,Kendari,ID,2022-03-25 20:06:00,-3.945,122.4989,74.59,95,100,4.43
58,Pascagoula,US,2022-03-25 20:06:01,30.3658,-88.5561,75.25,29,0,6.91
59,Port Alfred,ZA,2022-03-25 20:06:01,-33.5906,26.891,65.95,78,93,5.95
60,Leningradskiy,RU,2022-03-25 20:06:02,69.3833,178.4167,-7.67,94,100,7.74
61,Torbay,CA,2022-03-25 20:03:20,47.6666,-52.7314,34.75,73,100,5.99
62,Nanortalik,GL,2022-03-25 20:06:03,60.1432,-45.2371,29.41,72,55,1.86
63,Ancud,CL,2022-03-25 20:06:03,-41.8697,-73.8203,67.23,70,96,4.54
64,Saldanha,ZA,2022-03-25 20:06:03,-33.0117,17.9442,63.79,72,3,16.17
65,Havoysund,NO,2022-03-25 20:06:04,70.9963,24.6622,26.83,61,100,15.08
66,Atuona,PF,2022-03-25 20:06:04,-9.8,-139.0333,79.36,79,40,21.05
67,Lagoa,PT,2022-03-25 20:06:05,39.05,-27.9833,58.89,93,100,32.88
68,Longyearbyen,SJ,2022-03-25 20:06:05,78.2186,15.6401,-0.56,71,20,1.14
69,Mogadishu,SO,2022-03-25 20:06:05,2.0371,45.3438,80.91,81,33,7.23
70,Hobart,AU,2022-03-25 20:06:06,-42.8794,147.3294,53.06,93,0,9.22
71,Quzhou,CN,2022-03-25 20:06:07,28.9594,118.8686,61.7,95,100,3.6
72,Leshukonskoye,RU,2022-03-25 20:06:07,64.8989,45.7622,17.15,92,100,5.14
73,Lengshuijiang,CN,2022-03-25 20:06:08,27.6881,111.4294,54.18,95,100,2.73
74,Severo-Kurilsk,RU,2022-03-25 20:06:09,50.6789,156.125,28.24,85,66,7.0
75,Andenes,NO,2022-03-25 20:06:10,69.3143,16.1194,31.98,93,75,20.71
76,Chokurdakh,RU,2022-03-25 20:06:10,70.6333,147.9167,-1.93,96,100,8.21
77,Aswan,EG,2022-03-25 20:06:11,24.0934,32.907,59.72,27,0,12.48
78,Half Moon Bay,US,2022-03-25 20:06:10,37.4636,-122.4286,70.54,74,75,16.11
79,Kaitangata,NZ,2022-03-25 20:06:12,-46.2817,169.8464,55.83,85,63,7.45
80,Hilo,US,2022-03-25 20:05:27,19.7297,-155.09,78.53,63,40,7.0
81,Vaini,TO,2022-03-25 20:06:12,-21.2,-175.2,78.96,78,0,8.05
82,Samfya,ZM,2022-03-25 20:06:13,-11.3649,29.5565,68.09,88,55,4.5
83,Barrow,US,2022-03-25 20:04:51,71.2906,-156.7887,-0.38,71,100,19.57
84,Chuy,UY,2022-03-25 20:06:13,-33.6971,-53.4616,68.09,48,27,14.76
85,Bluff,NZ,2022-03-25 20:06:14,-46.6,168.3333,59.29,80,100,15.1
86,Palana,RU,2022-03-25 20:06:14,59.1167,159.9667,13.91,92,100,11.68
87,Kemin,KG,2022-03-25 20:06:15,42.7846,75.6892,40.08,68,100,10.98
88,Nome,US,2022-03-25 20:06:15,64.5011,-165.4064,21.27,73,0,6.91
89,Latehar,IN,2022-03-25 20:06:16,23.75,84.5,76.03,25,83,4.16
90,Saint-Joseph,RE,2022-03-25 20:06:16,-21.3667,55.6167,77.38,84,11,6.15
91,Srednekolymsk,RU,2022-03-25 20:06:17,67.45,153.6833,3.13,96,100,13.6
92,Svetlogorsk,BY,2022-03-25 20:06:17,52.6333,29.7333,41.81,76,22,7.85
93,Takahagi,JP,2022-03-25 20:06:48,36.7167,140.7167,51.1,77,100,13.11
94,Otane,NZ,2022-03-25 20:03:24,-39.8833,176.6333,58.01,78,99,14.45
95,Carballo,ES,2022-03-25 20:06:48,43.213,-8.691,60.22,89,85,1.25
96,Alice Springs,AU,2022-03-25 20:06:49,-23.7,133.8833,69.22,32,100,4.61
97,Chernenko,RU,2022-03-25 20:06:49,44.365,39.3103,36.09,97,100,0.87
98,Taungdwingyi,MM,2022-03-25 20:06:49,20.0167,95.55,78.22,65,14,4.72
99,Luanda,AO,2022-03-25 20:06:50,-8.8368,13.2343,80.24,83,91,9.84
100,Qaanaaq,GL,2022-03-25 20:06:50,77.484,-69.3632,-1.35,74,93,6.98
101,Arona,ES,2022-03-25 20:06:50,28.0996,-16.681,59.83,60,40,6.91
102,West Wendover,US,2022-03-25 20:06:51,40.7391,-114.0733,63.61,25,0,4.61
103,Jamestown,US,2022-03-25 20:05:57,42.097,-79.2353,40.01,67,100,14.97
104,Namatanai,PG,2022-03-25 20:06:51,-3.6667,152.4333,79.25,82,100,4.76
105,Dhidhdhoo,MV,2022-03-25 20:04:48,6.8833,73.1,81.46,69,12,3.06
106,Ascension,US,2022-03-25 20:06:52,30.2169,-90.9001,76.03,30,0,11.5
107,Vardo,NO,2022-03-25 20:06:53,70.3705,31.1107,24.78,74,75,17.27
108,Yellowknife,CA,2022-03-25 20:06:53,62.456,-114.3525,-6.72,47,6,3.71
109,Hithadhoo,MV,2022-03-25 20:06:53,-0.6,73.0833,83.37,69,12,15.05
110,Mehamn,NO,2022-03-25 20:06:54,71.0357,27.8492,22.6,68,100,11.9
111,Van Wert,US,2022-03-25 20:06:54,40.8695,-84.5841,45.93,81,100,17.27
112,Karpathos,GR,2022-03-25 20:06:55,35.507,27.2132,58.96,82,0,13.8
113,Poya,NC,2022-03-25 20:06:55,-21.35,165.15,75.79,87,99,5.14
114,Teeli,RU,2022-03-25 20:06:55,51.0333,90.2333,1.08,78,64,3.09
115,Talavera De La Reina,ES,2022-03-25 20:06:56,39.9635,-4.8308,51.12,91,100,9.55
116,Rafraf,TN,2022-03-25 20:06:56,37.1904,10.1837,55.71,78,100,24.76
117,Kumluca,TR,2022-03-25 20:06:57,36.3703,30.2869,55.8,44,1,6.76
118,San Cristobal,VE,2022-03-25 20:06:57,7.7669,-72.225,82.58,42,91,5.26
119,Vallenar,CL,2022-03-25 20:06:58,-28.5708,-70.7581,83.05,27,0,8.34
120,Alofi,NU,2022-03-25 20:06:58,-19.0595,-169.9187,80.49,83,75,9.22
121,Enumclaw,US,2022-03-25 20:02:02,47.2043,-121.9915,57.56,66,100,4.0
122,Puerto Leguizamo,CO,2022-03-25 20:06:59,-0.1934,-74.7819,81.66,84,100,3.06
123,Senno,RU,2022-03-25 20:06:59,59.5336,33.9167,36.27,95,100,13.18
124,Komarovo,RU,2022-03-25 20:03:19,60.1841,29.8175,43.66,92,100,16.46
125,Arraial Do Cabo,BR,2022-03-25 20:06:59,-22.9661,-42.0278,82.26,69,0,18.41
126,Nikolskoye,RU,2022-03-25 20:07:00,59.7035,30.7861,43.88,89,100,13.27
127,Inhambane,MZ,2022-03-25 20:07:00,-23.865,35.3833,77.74,89,54,5.93
128,Druzhba,UA,2022-03-25 20:07:01,52.0428,33.9453,38.37,90,81,6.87
129,Hambantota,LK,2022-03-25 20:06:12,6.1241,81.1185,78.13,80,0,3.69
130,Aquidauana,BR,2022-03-25 20:07:01,-20.4711,-55.7872,75.4,95,92,5.3
131,Ponta Do Sol,PT,2022-03-25 20:07:01,32.6667,-17.1,63.01,79,59,2.48
132,Clyde River,CA,2022-03-25 20:07:02,70.4692,-68.5914,-3.82,90,99,4.47
133,Te Anau,NZ,2022-03-25 20:07:02,-45.4167,167.7167,49.84,93,39,1.12
134,Hailey,US,2022-03-25 20:05:49,43.5196,-114.3153,62.46,27,0,9.22
135,Cape Town,ZA,2022-03-25 20:06:23,-33.9258,18.4232,66.11,65,4,16.6
136,Zomba,MW,2022-03-25 20:07:33,-15.386,35.3188,68.76,89,59,1.45
137,Baker City,US,2022-03-25 20:03:27,44.7749,-117.8344,60.58,47,0,3.44
138,Dunedin,NZ,2022-03-25 20:07:34,-45.8742,170.5036,60.8,73,48,5.01
139,Conway,US,2022-03-25 20:07:34,35.0887,-92.4421,66.18,42,0,6.91
140,Tsiroanomandidy,MG,2022-03-25 20:07:35,-18.7667,46.0333,68.59,93,23,1.16
141,Taber,CA,2022-03-25 20:07:35,49.8167,-112.1518,46.0,28,100,13.47
142,Morristown,US,2022-03-25 20:07:35,36.214,-83.2949,49.77,63,100,11.5
143,Sayyan,YE,2022-03-25 20:07:36,15.1718,44.3244,63.1,26,0,3.15
144,Buchanan,LR,2022-03-25 20:07:36,5.8808,-10.0467,80.22,84,5,6.4
145,Tuktoyaktuk,CA,2022-03-25 20:07:36,69.4541,-133.0374,-8.54,87,7,14.23
146,Havre-Saint-Pierre,CA,2022-03-25 20:07:37,50.2334,-63.5986,30.56,74,100,17.27
147,Pisco,PE,2022-03-25 20:07:37,-13.7,-76.2167,77.02,64,0,9.22
148,Bengkulu,ID,2022-03-25 20:07:38,-3.8004,102.2655,76.01,85,36,5.01
149,Lebu,CL,2022-03-25 20:07:38,-37.6167,-73.65,59.65,70,0,15.1
150,Svetlaya,RU,2022-03-25 20:07:38,46.5389,138.3297,32.34,91,100,4.63
151,Baoro,CF,2022-03-25 20:07:39,5.6667,15.9667,73.44,52,66,2.84
152,Saint George,US,2022-03-25 20:07:13,37.1041,-113.5841,84.63,15,0,4.0
153,Port Hawkesbury,CA,2022-03-25 20:07:39,45.6169,-61.3485,35.19,98,100,23.02
154,Alindao,CF,2022-03-25 20:07:40,5.0267,21.2088,81.23,57,100,6.73
155,Coruripe,BR,2022-03-25 20:07:40,-10.1256,-36.1756,81.07,75,100,9.26
156,Laurel,US,2022-03-25 20:07:40,39.0993,-76.8483,63.25,46,100,13.8
157,Saint-Augustin,CA,2022-03-25 20:07:41,51.226,-58.6502,30.0,89,100,10.65
158,East London,ZA,2022-03-25 20:07:41,-33.0153,27.9116,64.22,88,90,2.8
159,Saskylakh,RU,2022-03-25 20:07:41,71.9167,114.0833,-16.55,100,100,2.21
160,Cayenne,GF,2022-03-25 20:07:42,4.9333,-52.3333,82.09,1,75,14.97
161,Poddorye,RU,2022-03-25 20:07:42,57.4695,31.1156,40.78,88,100,11.81
162,Ngunguru,NZ,2022-03-25 20:07:42,-35.6167,174.5,65.68,65,3,16.91
163,La Palma,US,2022-03-25 20:07:43,33.8464,-118.0467,92.66,54,0,9.22
164,Carnarvon,AU,2022-03-25 20:07:43,-24.8667,113.6333,78.87,89,40,8.05
165,Fort-Shevchenko,KZ,2022-03-25 20:07:44,44.5086,50.263,39.09,96,100,9.89
166,Bongandanga,CD,2022-03-25 20:07:44,1.5,21.05,71.62,98,100,3.29
167,Beringovskiy,RU,2022-03-25 20:07:44,63.05,179.3167,7.47,97,94,3.69
168,Portland,US,2022-03-25 20:07:32,45.5234,-122.6762,61.86,58,40,5.99
169,Grindavik,IS,2022-03-25 20:07:45,63.8424,-22.4338,39.67,100,100,34.52
170,Puerto Padre,CU,2022-03-25 20:07:45,21.195,-76.6028,85.95,54,95,12.1
171,Hermanus,ZA,2022-03-25 20:07:45,-34.4187,19.2345,64.15,70,78,15.14
172,Waikuku,NZ,2022-03-25 20:07:46,-43.3,172.6833,53.42,89,0,4.43
173,Santa Fe,AR,2022-03-25 20:07:02,-31.6333,-60.7,70.02,66,85,11.01
174,Vostok,RU,2022-03-25 20:07:46,46.4856,135.8833,30.42,98,100,3.11
175,Chantada,ES,2022-03-25 20:07:47,42.6088,-7.7712,49.66,86,39,3.2
176,Fukue,JP,2022-03-25 20:07:47,32.6881,128.8419,63.77,95,100,42.01
177,Laramie,US,2022-03-25 20:05:04,41.3114,-105.5911,55.78,21,0,19.57
178,Fort Nelson,CA,2022-03-25 20:07:48,58.8053,-122.7002,16.47,86,100,4.27
179,Vestmannaeyjar,IS,2022-03-25 20:07:48,63.4427,-20.2734,39.78,84,100,36.55
180,Petropavlovsk-Kamchatskiy,RU,2022-03-25 20:07:48,53.0452,158.6483,14.59,73,40,8.95
181,Marivan,IR,2022-03-25 20:07:49,35.5219,46.176,35.24,93,100,3.36
182,Celestun,MX,2022-03-25 20:07:49,20.8667,-90.4,75.47,41,60,15.41
183,Laredo,US,2022-03-25 20:06:01,27.5064,-99.5075,91.65,7,0,5.75
184,Mikhaylovka,RU,2022-03-25 20:08:20,50.06,43.2379,24.78,93,17,1.45
185,Provideniya,RU,2022-03-25 20:08:20,64.3833,-173.3,10.42,89,99,3.06
186,Cooma,AU,2022-03-25 20:08:21,-36.2333,149.1333,48.78,92,35,1.77
187,Aksarka,RU,2022-03-25 20:08:21,66.5606,67.7975,-7.26,94,20,5.93
188,Khatanga,RU,2022-03-25 20:08:21,71.9667,102.5,-22.38,100,90,3.89
189,Valparaiso,CL,2022-03-25 20:08:26,-33.0393,-71.6273,68.23,60,0,12.66
190,Muroto,JP,2022-03-25 20:08:26,33.2833,134.15,62.87,79,100,21.7
191,Bethel,US,2022-03-25 20:03:27,41.3712,-73.414,58.17,58,53,4.0
192,Upernavik,GL,2022-03-25 20:08:27,72.7868,-56.1549,7.72,89,100,19.73
193,Mayahi,NE,2022-03-25 20:08:27,13.9553,7.6712,81.68,12,1,12.06
194,Mandalgovi,MN,2022-03-25 20:08:28,45.7625,106.2708,23.83,25,100,7.43
195,Palmer,US,2022-03-25 20:08:28,42.1584,-72.3287,59.86,55,70,4.0
196,Krasnyy Kommunar,RU,2022-03-25 20:08:28,51.9644,55.3668,19.47,93,100,4.47
197,Salalah,OM,2022-03-25 20:08:29,17.0151,54.0924,77.09,83,0,4.61
198,Charters Towers,AU,2022-03-25 20:08:29,-20.1,146.2667,69.28,92,100,3.15
199,Husavik,IS,2022-03-25 20:08:29,66.0449,-17.3389,30.94,85,100,13.13
200,Tiksi,RU,2022-03-25 20:08:30,71.6872,128.8694,-10.39,100,90,4.56
201,Bereda,ES,2022-03-25 20:08:30,43.2686,-7.5406,51.15,99,53,3.02
202,Poum,NC,2022-03-25 20:08:31,-20.2333,164.0167,79.45,78,93,11.88
203,Garowe,SO,2022-03-25 20:08:31,8.4054,48.4845,74.88,67,85,14.76
204,Shenkursk,RU,2022-03-25 20:08:31,62.1091,42.896,23.76,85,79,10.18
205,Cap Malheureux,MU,2022-03-25 20:08:32,-19.9842,57.6142,78.48,86,2,3.0
206,Ceres,US,2022-03-25 20:08:32,37.5949,-120.9577,79.12,34,0,10.36
207,Baykit,RU,2022-03-25 20:08:32,61.67,96.37,1.8,100,90,2.37
208,San Rafael,AR,2022-03-25 20:04:58,-34.6177,-68.3301,73.96,19,0,10.58
209,Bambous Virieux,MU,2022-03-25 20:08:34,-20.3428,57.7575,78.22,81,16,8.81
210,Mercedes,AR,2022-03-25 20:08:34,-34.6515,-59.4307,64.85,92,100,21.65
211,Dikson,RU,2022-03-25 20:08:26,73.5069,80.5464,9.5,90,100,10.45
212,Muzaffarabad,PK,2022-03-25 20:08:35,34.37,73.4711,59.47,38,0,7.61
213,Loandjili,CG,2022-03-25 20:08:37,-4.7561,11.8578,79.88,90,100,7.25
214,Leku,ET,2022-03-25 20:08:37,6.8667,38.45,61.21,81,47,2.17
215,Karratha,AU,2022-03-25 20:08:37,-20.7377,116.8463,84.16,70,42,11.88
216,Uruguaiana,BR,2022-03-25 20:08:38,-29.7547,-57.0883,64.33,72,100,16.11
217,Port Elizabeth,ZA,2022-03-25 20:05:43,-33.918,25.5701,61.11,85,76,1.01
218,Carutapera,BR,2022-03-25 20:08:38,-1.195,-46.02,79.9,86,78,5.19
219,Praia Da Vitoria,PT,2022-03-25 20:08:39,38.7333,-27.0667,60.76,95,100,32.93
220,Fortuna,US,2022-03-25 20:08:39,40.5982,-124.1573,63.93,68,0,4.61
221,Naze,JP,2022-03-25 20:08:40,28.3667,129.4833,66.99,96,100,22.5
222,Uvarovka,RU,2022-03-25 20:08:40,55.5278,35.6061,35.06,98,100,10.4
223,Pacific Grove,US,2022-03-25 20:08:40,36.6177,-121.9166,67.21,82,75,8.99
224,Makakilo City,US,2022-03-25 20:06:09,21.3469,-158.0858,75.18,82,75,12.66
225,Luderitz,NA,2022-03-25 20:08:41,-26.6481,15.1594,63.84,74,0,14.74
226,Kibaya,TZ,2022-03-25 20:08:41,-5.3,36.5667,60.89,96,7,4.38
227,Kodinsk,RU,2022-03-25 20:08:41,58.6881,99.1844,1.09,100,71,3.33
228,Mao,ES,2022-03-25 20:08:42,39.8885,4.2658,55.96,88,75,20.71
229,Buguruslan,RU,2022-03-25 20:08:42,53.6554,52.442,32.29,99,100,2.91
230,Umred,IN,2022-03-25 20:09:13,20.85,79.3333,88.09,30,92,5.48
231,Prainha,BR,2022-03-25 20:09:13,-1.8,-53.48,84.78,68,54,4.72
232,Ola,RU,2022-03-25 20:09:13,59.5833,151.2833,-2.02,92,29,5.64
233,Noumea,NC,2022-03-25 20:09:14,-22.2763,166.4572,80.01,99,94,8.66
234,Fredericton,CA,2022-03-25 20:08:55,45.9454,-66.6656,38.25,97,100,4.61
235,Ribeira Grande,PT,2022-03-25 20:09:15,38.5167,-28.7,61.2,94,75,32.21
236,Batticaloa,LK,2022-03-25 20:09:15,7.7102,81.6924,78.19,85,3,8.72
237,Moerai,PF,2022-03-25 20:09:15,-22.4333,-151.3333,81.21,76,100,18.84
238,Tuatapere,NZ,2022-03-25 20:09:16,-46.1333,167.6833,52.63,92,77,2.86
239,Flinders,AU,2022-03-25 20:09:16,-34.5833,150.8552,63.18,93,73,5.01
240,Oksfjord,NO,2022-03-25 20:09:17,70.2396,22.3479,26.78,88,100,6.8
241,Balabac,PH,2022-03-25 20:09:17,7.9868,117.0645,80.6,83,97,9.78
242,Finschhafen,PG,2022-03-25 20:09:17,-6.6024,147.8681,79.74,80,100,9.4
243,Urgut,UZ,2022-03-25 20:09:18,39.4022,67.2431,58.86,31,3,13.85
244,Virginia Beach,US,2022-03-25 20:09:03,36.8529,-75.978,67.03,46,40,4.61
245,Karasburg,NA,2022-03-25 20:09:18,-28.0167,18.75,75.4,29,0,7.9
246,Margate,GB,2022-03-25 20:07:23,51.3813,1.3862,49.3,80,21,4.0
247,Atar,MR,2022-03-25 20:09:19,20.5169,-13.0499,76.98,16,84,7.78
248,Bilma,NE,2022-03-25 20:09:19,18.6853,12.9164,76.96,12,0,8.05
249,Ilulissat,GL,2022-03-25 20:09:20,69.2167,-51.1,19.42,73,75,6.91
250,Sakakah,SA,2022-03-25 20:09:20,29.9697,40.2064,52.75,37,0,10.18
251,Lerwick,GB,2022-03-25 20:09:21,60.1545,-1.1494,48.2,97,100,5.73
252,Kenora,CA,2022-03-25 20:09:21,49.8167,-94.4337,20.37,73,100,15.01
253,Los Llanos De Aridane,ES,2022-03-25 20:09:21,28.6585,-17.9182,59.13,83,75,4.61
254,Klaksvik,FO,2022-03-25 20:09:22,62.2266,-6.589,40.12,92,100,18.54
255,Linxia,CN,2022-03-25 20:09:22,35.6003,103.2064,37.58,56,100,2.1
256,General Roca,AR,2022-03-25 20:09:22,-39.0333,-67.5833,73.81,20,4,4.92
257,Eyl,SO,2022-03-25 20:09:23,7.9803,49.8164,78.17,68,82,9.44
258,Sol-Iletsk,RU,2022-03-25 20:09:23,51.1631,54.9918,17.11,100,97,4.36
259,Mar Del Plata,AR,2022-03-25 20:09:24,-38.0023,-57.5575,64.87,81,75,8.99
260,Lerik,AZ,2022-03-25 20:09:24,38.7726,48.4128,35.02,84,86,1.9
261,Guangshui,CN,2022-03-25 20:09:24,31.6199,113.9978,48.67,91,12,2.59
262,Rakitnoye,RU,2022-03-25 20:09:25,50.8389,35.8515,33.46,97,100,3.67
263,Benguela,AO,2022-03-25 20:09:25,-12.5763,13.4055,78.24,84,27,6.87
264,Cidreira,BR,2022-03-25 20:09:10,-30.1811,-50.2056,74.07,57,29,8.1
265,Broome,US,2022-03-25 20:09:26,42.2506,-75.833,47.89,67,100,10.36
266,Sitka,US,2022-03-25 20:09:26,57.0531,-135.33,42.69,75,75,3.44
267,Aranos,NA,2022-03-25 20:09:27,-24.1333,19.1167,72.97,55,50,8.57
268,Saint-Philippe,RE,2022-03-25 20:09:27,-21.3585,55.7679,78.39,85,13,6.22
269,Spartanburg,US,2022-03-25 20:09:28,34.9496,-81.9321,66.15,32,40,18.41
270,San Policarpo,PH,2022-03-25 20:09:28,12.1791,125.5072,80.02,82,53,10.38
271,Kruisfontein,ZA,2022-03-25 20:09:29,-34.0033,24.7314,58.89,80,63,4.76
272,Svetlyy,RU,2022-03-25 20:09:59,54.675,20.1347,46.96,72,86,16.33
273,Mount Isa,AU,2022-03-25 20:10:00,-20.7333,139.5,78.57,36,40,8.05
274,Winnemucca,US,2022-03-25 20:10:00,40.973,-117.7357,77.05,19,0,12.66
275,Ipua,BR,2022-03-25 20:10:01,-20.4381,-48.0122,84.47,59,95,3.94
276,Wuan,CN,2022-03-25 20:10:04,31.6836,112.0044,50.45,75,96,1.63
277,Natal,BR,2022-03-25 20:10:06,-5.795,-35.2094,81.25,83,75,8.05
278,Bowen,AU,2022-03-25 20:10:07,-20.0167,148.2333,76.66,76,100,11.52
279,Cherskiy,RU,2022-03-25 20:10:07,68.75,161.3,-14.76,100,87,9.31
280,San Angelo,US,2022-03-25 20:10:08,31.4638,-100.437,86.11,8,0,3.0
281,Kurayoshi,JP,2022-03-25 20:10:09,35.4333,133.8167,57.97,79,100,20.51
282,Newry,GB,2022-03-25 20:10:10,54.1784,-6.3374,51.12,77,1,2.04
283,Yambio,SS,2022-03-25 20:10:11,4.5721,28.3955,74.08,32,60,4.03
284,Tashtagol,RU,2022-03-25 20:08:24,52.7657,87.8894,12.56,97,100,3.33
285,Kavieng,PG,2022-03-25 20:10:12,-2.5744,150.7967,80.67,75,100,5.39
286,Severo-Yeniseyskiy,RU,2022-03-25 20:10:12,60.3725,93.0408,12.94,93,100,6.31
287,Panguna,PG,2022-03-25 20:10:13,-6.3164,155.4848,68.31,97,99,1.14
288,Mityana,UG,2022-03-25 20:10:13,0.4175,32.0228,63.99,94,76,2.37
289,Oranzherei,RU,2022-03-25 20:10:14,45.8476,47.5663,36.7,97,100,8.3
290,Komsomolskiy,UZ,2022-03-25 20:10:14,40.4272,71.7189,45.32,87,83,4.61
291,Kotovo,RU,2022-03-25 20:10:15,50.3211,44.8012,25.47,98,100,3.24
292,Tilichiki,RU,2022-03-25 20:10:15,60.4667,166.1,13.14,88,100,6.58
293,Honningsvag,NO,2022-03-25 20:10:16,70.9821,25.9704,26.35,68,75,12.66
294,Constitucion,CL,2022-03-25 20:10:17,-35.3333,-72.4167,65.01,55,2,6.2
295,Saint-Pierre,RE,2022-03-25 20:10:17,-21.3393,55.4781,78.48,81,0,5.75
296,Novobirilyussy,RU,2022-03-25 20:10:17,56.9514,90.6661,23.79,89,100,11.86
297,Kachug,RU,2022-03-25 20:10:18,53.9606,105.8817,1.24,98,80,2.39
298,Sao Jose De Ribamar,BR,2022-03-25 20:10:18,-2.5619,-44.0542,84.58,78,36,8.41
299,Kudahuvadhoo,MV,2022-03-25 20:10:19,2.6708,72.8944,81.75,71,8,5.88
300,Tasiilaq,GL,2022-03-25 20:10:19,65.6145,-37.6368,15.96,95,100,7.78
301,Bam,IR,2022-03-25 20:10:19,29.106,58.357,77.07,17,0,18.25
302,Qui Nhon,VN,2022-03-25 20:10:20,13.7667,109.2333,77.14,87,94,5.57
303,Iqaluit,CA,2022-03-25 20:10:20,63.7506,-68.5145,18.7,85,100,11.01
304,Kurya,RU,2022-03-25 20:10:21,51.6003,82.2888,29.39,70,31,24.49
305,Miraflores,MX,2022-03-25 20:10:21,19.2167,-98.8083,74.16,18,53,4.68
306,Colares,PT,2022-03-25 20:10:22,38.7992,-9.4469,62.76,68,20,14.0
307,Havelock,US,2022-03-25 20:09:03,34.8791,-76.9013,71.58,38,5,11.99
308,Ballarat,AU,2022-03-25 20:10:22,-37.5662,143.8496,50.72,94,25,4.56
309,Pochutla,MX,2022-03-25 20:10:22,15.7432,-96.4661,89.82,44,87,10.16
310,Morant Bay,JM,2022-03-25 20:10:23,17.8815,-76.4093,88.72,67,91,12.1
311,Guayaramerin,BO,2022-03-25 20:10:23,-10.8368,-65.3614,87.21,62,97,1.88
312,Mardin,TR,2022-03-25 20:10:24,37.3131,40.7436,34.36,89,99,6.51
313,Adrar,MR,2022-03-25 20:10:24,20.5022,-10.0711,73.9,17,52,6.69
314,Hovd,MN,2022-03-25 20:10:24,48.0056,91.6419,16.05,48,6,2.86
315,Wembley,AU,2022-03-25 20:10:25,-31.9333,115.8,77.02,65,0,6.91
316,Samur,RU,2022-03-25 20:10:55,41.8253,48.486,41.34,86,100,13.91
317,Kutum,SD,2022-03-25 20:10:56,14.2,24.6667,65.25,13,96,15.28
318,Verkhoyansk,RU,2022-03-25 20:10:56,67.5447,133.385,-18.33,100,96,2.44
319,George Town,MY,2022-03-25 20:10:56,5.4112,100.3354,78.73,83,20,2.3
320,Doha,QA,2022-03-25 20:10:57,25.2867,51.5333,69.78,58,0,16.11
321,Zhuhai,CN,2022-03-25 20:10:57,22.2769,113.5678,78.58,94,40,11.5
322,Kahului,US,2022-03-25 20:10:57,20.8947,-156.47,80.62,64,20,24.16
323,Jalu,LY,2022-03-25 20:10:58,29.0331,21.5482,58.42,30,0,3.58
324,Mbeya,TZ,2022-03-25 20:10:58,-8.9,33.45,59.32,94,57,4.36
325,Ginda,IN,2022-03-25 20:10:59,30.6945,78.4932,51.53,27,0,8.23
326,Westport,US,2022-03-25 20:10:59,41.1415,-73.3579,58.73,59,100,11.5
327,Arlit,NE,2022-03-25 20:10:59,18.7369,7.3853,82.27,10,39,12.53
328,De-Kastri,RU,2022-03-25 20:11:00,51.4667,140.7833,27.79,98,100,2.57
329,Omboue,GA,2022-03-25 20:11:00,-1.5746,9.2618,79.23,88,100,5.06
330,Manicore,BR,2022-03-25 20:11:01,-5.8092,-61.3003,84.07,83,70,2.19
331,Yangambi,CD,2022-03-25 20:11:01,0.8102,24.4336,69.75,97,81,3.38
332,Union,US,2022-03-25 20:11:01,40.6334,-74.2663,57.7,52,100,16.11
333,Esperance,AU,2022-03-25 20:11:02,-33.8667,121.9,64.4,70,100,16.46
334,Tucuman,AR,2022-03-25 20:10:38,-26.8241,-65.2226,77.0,31,0,5.75
335,Bairiki,KI,2022-03-25 20:11:02,1.3292,172.9752,80.6,78,75,5.75
336,Qurayyat,SA,2022-03-25 20:11:03,31.3318,37.3428,47.75,67,10,9.71
337,Sebezh,RU,2022-03-25 20:11:03,56.2955,28.4654,45.61,77,100,11.81
338,Pangai,TO,2022-03-25 20:11:04,-19.8,-174.35,79.74,79,54,7.92
339,Flin Flon,CA,2022-03-25 20:11:04,54.7682,-101.865,12.56,64,100,14.03
340,Saint Anthony,US,2022-03-25 20:10:57,45.0205,-93.218,38.03,62,100,28.77
341,Kodiak,US,2022-03-25 20:11:06,57.79,-152.4072,36.91,87,75,4.61
342,Pinotepa Nacional,MX,2022-03-25 20:11:07,16.3167,-98.0167,92.25,38,49,13.31
343,Meulaboh,ID,2022-03-25 20:11:07,4.1363,96.1285,77.76,86,48,2.1
344,Svetlyy Yar,RU,2022-03-25 20:11:08,48.4748,44.781,35.2,73,100,6.8
345,Tazovskiy,RU,2022-03-25 20:11:08,67.4667,78.7,18.28,95,100,13.65
346,The Valley,AI,2022-03-25 20:06:21,18.217,-63.0578,82.26,69,20,17.27
347,Solenzo,BF,2022-03-25 20:11:09,12.1833,-4.0833,92.25,30,57,5.12
348,Kousseri,CM,2022-03-25 20:11:09,12.0769,15.0306,87.37,11,98,17.54
349,Zhangye,CN,2022-03-25 20:11:10,38.9342,100.4517,37.98,50,27,2.48
350,Filiasi,RO,2022-03-25 20:11:10,44.55,23.5167,43.12,74,2,8.32
351,Nouadhibou,MR,2022-03-25 20:11:10,20.931,-17.0347,63.12,77,80,20.76
352,Kuytun,RU,2022-03-25 20:11:11,54.3419,101.5036,7.57,95,86,6.06
353,Caravelas,BR,2022-03-25 20:11:11,-17.7125,-39.2481,80.11,74,53,7.27
354,Homer,US,2022-03-25 20:11:12,59.6425,-151.5483,46.29,64,40,11.01
355,Harper,LR,2022-03-25 20:09:18,4.375,-7.7169,80.37,85,97,6.76
356,Dzilam Gonzalez,MX,2022-03-25 20:11:14,21.2833,-88.9333,76.87,37,40,10.04
357,Linxi,CN,2022-03-25 20:11:14,39.7,118.4333,44.74,42,11,5.32
358,Diu,IN,2022-03-25 20:11:15,20.7141,70.9822,79.05,56,7,10.22
359,Klyuchevskiy,RU,2022-03-25 20:11:15,53.5317,119.4519,17.44,97,100,3.38
360,Kasganj,IN,2022-03-25 20:11:15,27.8167,78.65,74.88,15,0,7.85
361,Wuwei,CN,2022-03-25 20:11:16,37.9281,102.6414,37.51,67,100,4.07
362,Vanavara,RU,2022-03-25 20:11:16,60.34,102.2797,-0.67,100,81,3.22
363,Ahipara,NZ,2022-03-25 20:09:15,-35.1667,173.1667,66.65,76,65,10.54
364,Sri Aman,MY,2022-03-25 20:11:47,1.2376,111.4621,72.82,99,99,0.51
365,Sinait,PH,2022-03-25 20:11:47,17.8664,120.4583,79.56,78,0,3.4
366,Mananjary,MG,2022-03-25 20:11:48,-21.2167,48.3333,77.52,92,9,6.8
367,Penzance,GB,2022-03-25 20:07:15,50.1186,-5.5371,50.9,72,35,15.73
368,Evensk,RU,2022-03-25 20:11:48,61.95,159.2333,4.42,81,100,6.58
369,Raga,SS,2022-03-25 20:11:49,8.4596,25.678,79.09,14,11,5.1
370,Nanakuli,US,2022-03-25 20:11:49,21.3906,-158.1547,76.6,78,75,12.66
371,Plateros,MX,2022-03-25 20:11:49,23.2167,-102.85,69.12,8,22,5.26
372,Toora-Khem,RU,2022-03-25 20:11:50,52.4675,96.11,-8.48,99,59,2.75
373,Bria,CF,2022-03-25 20:11:50,6.5423,21.9863,82.26,23,100,1.61
374,Victoria,HK,2022-03-25 20:11:10,22.2855,114.1577,78.94,93,55,4.0
375,Kargat,RU,2022-03-25 20:11:51,55.1956,80.2811,29.16,94,100,21.52
376,Tyup,KG,2022-03-25 20:11:51,42.7276,78.3648,27.09,86,71,2.39
377,San Vicente,AR,2022-03-25 20:11:51,-26.6167,-54.1333,70.66,45,26,4.29
378,Alpena,US,2022-03-25 20:07:49,45.0617,-83.4327,44.85,68,20,10.36
379,Chernyakhovsk,RU,2022-03-25 20:11:52,54.6335,21.8156,43.59,75,41,10.78
380,Dire,ML,2022-03-25 20:11:52,12.2833,-10.9667,91.18,12,5,3.91
381,Hokitika,NZ,2022-03-25 20:11:53,-42.7167,170.9667,58.51,60,4,4.27
382,Belmonte,BR,2022-03-25 20:11:53,-15.8631,-38.8828,80.82,74,0,9.22
383,Ust-Nera,RU,2022-03-25 20:11:54,64.5667,143.2,-9.9,99,99,2.13
384,Airai,TL,2022-03-25 20:11:54,-8.9266,125.4092,59.36,92,93,1.25
385,Fatehpur,IN,2022-03-25 20:11:54,25.9333,80.8,77.11,14,0,5.46
386,Lucca,IT,2022-03-25 20:11:55,44.0333,10.45,49.03,39,100,3.04
387,Faya,SA,2022-03-25 20:11:55,18.3851,42.4509,57.72,51,0,2.24
388,Surt,LY,2022-03-25 20:11:55,31.2089,16.5887,57.88,60,0,19.57
389,Velingara,SN,2022-03-25 20:11:56,13.15,-14.1167,90.79,13,0,3.56
390,Aykhal,RU,2022-03-25 20:11:56,66.0,111.5,-2.4,100,100,4.85
391,Gamboula,CF,2022-03-25 20:11:57,4.1178,15.1393,71.26,71,90,1.23
392,Dongsheng,CN,2022-03-25 20:11:57,39.8161,109.9776,31.69,30,89,13.58
393,Vao,NC,2022-03-25 20:11:58,-22.6667,167.4833,76.59,70,98,14.07
394,Hirara,JP,2022-03-25 20:11:58,24.8,125.2833,74.12,95,98,22.39
395,Bandarbeyla,SO,2022-03-25 20:11:58,9.4942,50.8122,77.38,67,100,12.62
396,Mutoko,ZW,2022-03-25 20:11:59,-17.397,32.2268,68.34,74,65,3.11
397,Abu Dhabi,AE,2022-03-25 20:11:59,24.4667,54.3667,80.71,80,0,5.75
398,Woodward,US,2022-03-25 20:12:00,36.4337,-99.3904,63.63,41,0,12.66
399,Bud,US,2022-03-25 20:12:00,39.447,-86.1758,43.92,92,100,14.9
400,Wismar,DE,2022-03-25 20:12:00,53.9,11.4667,51.49,68,1,5.99
401,Lublin,PL,2022-03-25 20:12:01,51.0,23.0,50.4,59,5,5.91
402,Prince Rupert,CA,2022-03-25 20:12:01,54.3161,-130.3201,45.84,74,98,4.18
403,Saint-Georges,GD,2022-03-25 20:10:41,12.0564,-61.7485,83.88,65,40,24.16
404,Seydi,TM,2022-03-25 20:12:02,39.4816,62.9137,56.66,43,59,17.4
405,Balkanabat,TM,2022-03-25 20:12:02,39.5108,54.3671,43.74,85,22,9.24
406,Dukat,RU,2022-03-25 20:12:03,62.55,155.55,-9.44,100,94,5.06
407,Port Hardy,CA,2022-03-25 20:12:03,50.6996,-127.4199,46.71,70,100,5.66
408,Asau,RO,2022-03-25 20:12:34,46.4333,26.4,33.28,86,8,3.8
409,Lavrentiya,RU,2022-03-25 20:12:34,65.5833,-171.0,9.16,89,46,5.39
410,Camacha,PT,2022-03-25 20:12:35,33.0833,-16.3333,58.42,72,20,10.36
411,Kirovskiy,RU,2022-03-25 20:12:35,45.0917,133.5136,33.89,96,100,3.42
412,Salawagan,PH,2022-03-25 20:12:35,7.7053,125.115,71.1,91,74,3.51
413,Xining,CN,2022-03-25 20:12:36,36.6167,101.7667,30.6,67,100,1.59
414,Port Hedland,AU,2022-03-25 20:12:36,-20.3167,118.5667,80.65,74,62,5.75
415,Batagay-Alyta,RU,2022-03-25 20:12:36,67.8006,130.4114,-15.54,88,56,6.17
416,Gayeri,BF,2022-03-25 20:12:37,12.6497,0.4931,96.44,11,87,9.1
417,Gat,IL,2022-03-25 20:12:37,31.61,34.7642,52.48,100,21,4.94
418,Hofn,IS,2022-03-25 20:12:37,64.2539,-15.2082,31.78,84,100,9.55
419,Teguldet,RU,2022-03-25 20:12:38,57.3064,88.1667,25.59,89,100,13.11
420,Souillac,MU,2022-03-25 20:12:38,-20.5167,57.5167,79.03,84,36,8.43
421,Chippewa Falls,US,2022-03-25 20:09:19,44.9369,-91.3929,36.99,76,100,16.11
422,Cabedelo,BR,2022-03-25 20:12:39,-6.9811,-34.8339,84.87,75,100,12.55
423,Arnes,NO,2022-03-25 20:12:39,60.1211,11.4663,47.28,83,100,2.73
424,Bridge Of Earn,GB,2022-03-25 20:12:39,56.3484,-3.4065,53.65,74,10,1.99
425,Grand-Santi,GF,2022-03-25 20:12:40,4.25,-54.3833,80.62,87,89,4.45
426,Dutse,NG,2022-03-25 20:12:40,11.7594,9.3392,81.14,16,15,10.2
427,Xinqing,CN,2022-03-25 20:12:41,48.2333,129.5,24.66,99,100,1.92
428,Nizhniy Odes,RU,2022-03-25 20:12:41,63.6445,54.856,17.11,87,100,9.13
429,Alibag,IN,2022-03-25 20:12:41,18.6411,72.8792,82.47,76,50,1.9
430,Simav,TR,2022-03-25 20:12:42,39.0882,28.9777,39.18,86,8,5.17
431,Churapcha,RU,2022-03-25 20:12:42,62.0025,132.4325,-5.4,100,100,2.06
432,Amnat Charoen,TH,2022-03-25 20:12:42,15.9167,104.75,80.04,73,84,4.59
433,Barcelos,PT,2022-03-25 20:12:43,41.5388,-8.6151,62.92,78,100,1.03
434,Araouane,ML,2022-03-25 20:12:43,18.9048,-3.5265,88.68,11,92,9.86
435,Cabo San Lucas,MX,2022-03-25 20:09:02,22.8909,-109.9124,84.61,46,40,8.05
436,San Patricio,US,2022-03-25 20:12:44,28.017,-97.5169,91.49,15,0,3.8
437,Alzamay,RU,2022-03-25 20:12:44,55.5562,98.6644,11.52,97,45,3.56
438,Severnyy,RU,2022-03-25 20:12:44,50.677,36.5532,42.84,45,0,6.71
439,Comodoro Rivadavia,AR,2022-03-25 20:12:45,-45.8667,-67.5,62.46,48,0,11.5
440,Lethem,GY,2022-03-25 20:12:45,3.3803,-59.7968,90.68,46,86,10.96
441,Oriximina,BR,2022-03-25 20:12:46,-1.7656,-55.8661,82.29,76,96,4.23
442,Ladario,BR,2022-03-25 20:12:46,-19.0047,-57.6017,66.49,94,100,6.91
443,Yining,CN,2022-03-25 20:12:46,29.0361,114.5636,54.18,92,92,2.98
444,Tongliao,CN,2022-03-25 20:12:47,43.6125,122.2653,33.78,43,50,5.79
445,Moissala,TD,2022-03-25 20:12:47,8.3404,17.7663,87.15,37,89,2.66
446,Bilibino,RU,2022-03-25 20:12:47,68.0546,166.4372,-4.49,100,100,0.49
447,Nisia Floresta,BR,2022-03-25 20:12:48,-6.0911,-35.2086,81.41,78,98,10.54
448,Lake Charles,US,2022-03-25 20:09:18,30.2131,-93.2044,77.22,22,0,14.97
449,Quatre Cocos,MU,2022-03-25 20:12:48,-20.2078,57.7625,78.1,82,18,9.04
450,Leh,IN,2022-03-25 20:12:49,34.1667,77.5833,15.78,61,1,4.85
451,Ojinaga,MX,2022-03-25 20:12:49,29.5667,-104.4167,85.57,12,0,0.0
452,Yayva,RU,2022-03-25 20:12:49,59.3303,57.2641,-0.81,97,20,2.46
453,Port Lavaca,US,2022-03-25 20:12:50,28.615,-96.6261,88.12,21,0,8.05
454,Menongue,AO,2022-03-25 20:12:50,-14.6585,17.691,64.74,89,98,1.23
455,Kieta,PG,2022-03-25 20:12:51,-6.2167,155.6333,78.53,87,78,6.87
456,Ruidoso,US,2022-03-25 20:13:16,33.3317,-105.673,71.06,13,0,10.36
457,Siilinjarvi,FI,2022-03-25 20:13:21,63.0833,27.6667,33.82,93,100,10.36
458,Barranca,PE,2022-03-25 20:13:22,-10.75,-77.7667,74.03,70,99,8.86
459,Peniche,PT,2022-03-25 20:13:22,39.3558,-9.3811,60.12,79,99,9.6
460,Richards Bay,ZA,2022-03-25 20:13:23,-28.783,32.0377,70.59,87,100,3.53
461,Hecun,CN,2022-03-25 20:13:23,36.5333,114.1111,46.06,64,65,5.14
462,Kokstad,ZA,2022-03-25 20:13:23,-30.5472,29.4241,54.7,98,100,2.37
463,Kargil,IN,2022-03-25 20:13:24,34.5667,76.1,18.45,67,5,3.29
464,Najran,SA,2022-03-25 20:13:24,17.4924,44.1277,72.12,16,0,0.85
465,Lixourion,GR,2022-03-25 20:13:24,38.2019,20.4314,55.71,75,0,9.4
466,Marsa Matruh,EG,2022-03-25 20:13:25,31.3525,27.2453,57.29,71,0,12.12
467,Creel,MX,2022-03-25 20:13:26,27.75,-107.6333,69.96,7,100,7.65
468,Yumen,CN,2022-03-25 20:13:26,40.2833,97.2,34.68,29,0,7.43
469,Soledade,BR,2022-03-25 20:13:13,-28.8183,-52.5103,64.38,72,15,9.19
470,Albertville,US,2022-03-25 20:13:27,34.2676,-86.2089,58.95,51,40,10.36
471,Cizre,TR,2022-03-25 20:13:27,37.3272,42.1903,45.01,85,100,3.2
472,Taoudenni,ML,2022-03-25 20:13:28,22.6783,-3.9836,82.96,14,1,6.49
473,Haines Junction,CA,2022-03-25 20:13:28,60.7522,-137.5108,30.13,88,100,2.48
474,Scottsbluff,US,2022-03-25 20:13:28,41.8666,-103.6672,53.78,32,0,5.75
475,Arzgir,RU,2022-03-25 20:13:29,45.3728,44.2206,37.18,94,100,7.96
476,Arroio Grande,BR,2022-03-25 20:13:29,-32.2375,-53.0869,68.14,50,51,16.04
477,Unguia,CO,2022-03-25 20:13:30,8.0434,-77.0945,86.23,70,40,5.93
478,Kenai,US,2022-03-25 20:13:30,60.5544,-151.2583,42.89,60,0,16.11
479,Kalabo,ZM,2022-03-25 20:13:31,-14.97,22.6814,72.59,80,100,2.71
480,Nizhnyaya Tavda,RU,2022-03-25 20:13:31,57.6731,66.1725,13.53,87,11,7.83
481,Kuantan,MY,2022-03-25 20:13:32,3.8077,103.326,77.25,89,32,4.45
482,Praya,CV,2022-03-25 20:13:33,14.9215,-23.5087,70.34,64,20,17.27
483,Berlevag,NO,2022-03-25 20:13:33,70.8578,29.0864,19.2,64,100,13.4
484,Yashan,CN,2022-03-25 20:13:34,22.1975,109.9419,73.24,96,10,2.26
485,Pangody,RU,2022-03-25 20:13:34,65.85,74.4859,12.16,93,100,24.96
486,Paita,PE,2022-03-25 20:13:34,-5.0892,-81.1144,77.95,66,76,13.06
487,Port Blair,IN,2022-03-25 20:13:35,11.6667,92.75,81.16,75,9,1.34
488,Batman,TR,2022-03-25 20:13:35,37.8874,41.1322,35.4,100,40,4.61
489,Chimbote,PE,2022-03-25 20:13:36,-9.0853,-78.5783,75.06,70,87,10.58
490,Warner Robins,US,2022-03-25 20:13:37,32.621,-83.5999,67.86,34,40,19.57
491,Piacabucu,BR,2022-03-25 20:13:38,-10.4056,-36.4344,81.34,72,100,8.25
492,Dharchula,IN,2022-03-25 20:13:38,29.85,80.5333,57.42,32,4,8.79
493,Lulea,SE,2022-03-25 20:13:38,65.5842,22.1547,28.47,100,100,4.61
494,Dingle,PH,2022-03-25 20:13:39,10.9995,122.6711,76.24,89,6,6.76
495,Saint-Louis,SN,2022-03-25 20:13:25,16.3333,-15.0,85.33,12,49,10.51
496,Limoeiro Do Ajuru,BR,2022-03-25 20:13:39,-1.8953,-49.3806,82.49,80,76,4.68
497,Alta Floresta,BR,2022-03-25 20:13:40,-9.8756,-56.0861,81.03,79,97,2.19
498,Buzovna,AZ,2022-03-25 20:13:40,40.5179,50.1139,44.69,81,75,11.5
499,Nicoya,CR,2022-03-25 20:13:41,10.1483,-85.452,95.59,32,82,12.12
500,Hamilton,US,2022-03-25 20:13:41,39.1834,-84.5333,45.88,74,100,21.85
501,Shiyan,CN,2022-03-25 20:14:12,32.6475,110.7781,51.3,56,100,4.34
502,Shahrud,IR,2022-03-25 20:09:15,36.4182,54.9763,42.28,54,0,8.77
503,Playas,EC,2022-03-25 20:14:12,-2.6333,-80.3833,79.54,78,53,10.63
504,Matamoros,MX,2022-03-25 20:14:13,25.5333,-103.25,77.11,5,75,0.0
505,Hobyo,SO,2022-03-25 20:14:13,5.3505,48.5268,81.25,81,95,11.7
506,Kisangani,CD,2022-03-25 20:14:14,0.5167,25.2,71.29,93,100,4.21
507,Mulege,MX,2022-03-25 20:14:14,26.8833,-111.9833,83.19,19,27,10.04
508,Antofagasta,CL,2022-03-25 20:14:14,-23.65,-70.4,67.28,70,4,7.11
509,Wanning,CN,2022-03-25 20:14:15,18.8003,110.3967,77.29,95,27,9.08
510,Meadow Lake,US,2022-03-25 20:14:15,34.8014,-106.5436,71.69,15,0,6.33
511,Mopti,ML,2022-03-25 20:14:16,14.6667,-4.0,93.81,15,8,3.44
512,Sola,VU,2022-03-25 20:14:16,-13.8833,167.55,81.28,74,91,5.61
513,Jonkoping,SE,2022-03-25 20:14:17,57.7814,14.1562,46.11,81,0,16.11
514,Jinchang,CN,2022-03-25 20:14:17,38.4953,102.1739,38.39,59,100,5.75
515,Turek,PL,2022-03-25 20:14:17,52.0155,18.5005,43.61,65,5,8.08
516,Tabory,RU,2022-03-25 20:14:18,58.5198,64.5495,16.56,80,8,7.72
517,Walvis Bay,NA,2022-03-25 20:12:18,-22.9575,14.5053,60.1,79,33,4.29
518,Whitianga,NZ,2022-03-25 20:10:32,-36.8333,175.7,60.17,80,12,9.33
519,Cumberland,US,2022-03-25 20:13:52,35.0502,-78.8664,72.48,27,75,20.71
520,Bethanien,NA,2022-03-25 20:14:19,-26.502,17.1583,77.18,33,7,10.31
521,Abu Samrah,SY,2022-03-25 20:14:19,35.3029,37.1841,42.35,74,1,13.2
522,Azanka,RU,2022-03-25 20:14:20,58.0401,64.7893,16.21,83,9,7.49
523,Bonthe,SL,2022-03-25 20:14:20,7.5264,-12.505,79.16,85,0,9.57
524,Port Macquarie,AU,2022-03-25 20:14:21,-31.4333,152.9167,64.29,100,100,0.0
525,Lenoir,US,2022-03-25 20:14:21,35.2335,-77.6497,70.14,49,75,5.75
526,Buta,CD,2022-03-25 20:14:21,2.7858,24.73,71.51,90,76,2.75
527,Abilene,US,2022-03-25 20:11:48,32.4487,-99.7331,84.88,9,0,4.61
528,Pallasovka,RU,2022-03-25 20:14:22,50.05,46.8833,25.25,99,100,4.07
529,Okhotsk,RU,2022-03-25 20:14:22,59.3833,143.3,-2.6,86,82,9.93
530,Carbonia,IT,2022-03-25 20:14:23,39.1672,8.5222,56.05,82,100,15.5
531,North Myrtle Beach,US,2022-03-25 20:10:24,33.816,-78.68,74.05,61,75,14.97
532,Praia,CV,2022-03-25 20:10:57,14.9215,-23.5087,70.34,64,20,17.27
533,Bay Roberts,CA,2022-03-25 20:14:24,47.5999,-53.2648,35.51,70,100,4.0
534,Kaka,TM,2022-03-25 20:14:24,37.3482,59.6143,51.22,67,94,1.79
535,Cozumel,MX,2022-03-25 20:12:58,20.5083,-86.9458,80.67,66,75,17.27
536,Bonfim,BR,2022-03-25 20:14:24,3.0833,-59.95,87.42,54,97,4.97
537,Fairbanks,US,2022-03-25 20:10:50,64.8378,-147.7164,35.94,56,20,4.61
538,San Pedro,PH,2022-03-25 20:14:25,14.35,121.0167,81.32,72,11,6.53
539,Agdas,AZ,2022-03-25 20:14:25,40.65,47.4761,42.67,75,85,12.1
540,Chernyshevskiy,RU,2022-03-25 20:14:26,63.0128,112.4714,-8.91,100,93,1.28
541,Seryshevo,RU,2022-03-25 20:14:26,51.0933,128.3786,20.28,95,100,5.68
542,Henties Bay,NA,2022-03-25 20:14:26,-22.116,14.2845,63.16,85,68,6.38
543,Passo De Camaragibe,BR,2022-03-25 20:14:27,-9.2368,-35.4901,81.95,87,44,4.65
544,Russell,US,2022-03-25 20:14:27,32.3502,-85.1999,67.96,35,40,16.11
545,Ecija,ES,2022-03-25 20:14:28,37.5422,-5.0826,53.38,92,100,5.53
546,Aklavik,CA,2022-03-25 20:14:28,68.2191,-135.0107,1.76,88,56,15.95
547,Papara,BR,2022-03-25 20:14:58,-3.9839,-38.7273,81.68,88,40,3.94
548,Ginir,ET,2022-03-25 20:14:59,7.1333,40.7,62.08,75,89,6.06
549,Huaicheng,CN,2022-03-25 20:14:59,23.9051,112.1931,68.65,99,97,0.36
550,Sotouboua,TG,2022-03-25 20:15:00,8.5667,0.9833,87.22,35,27,1.19
551,Mwinilunga,ZM,2022-03-25 20:15:00,-11.7358,24.4293,63.63,92,74,0.89
552,Tarabuco,BO,2022-03-25 20:15:00,-19.1667,-64.9167,48.76,79,100,5.32
553,Dalvik,IS,2022-03-25 20:15:01,65.9702,-18.5286,24.73,90,100,7.85
554,Afsin,TR,2022-03-25 20:15:01,38.2477,36.914,29.1,67,6,1.83
555,Laguna,US,2022-03-25 20:15:02,38.421,-121.4238,75.02,53,0,8.05
556,Villarrica,PY,2022-03-25 20:15:03,-25.75,-56.4333,73.08,58,1,5.61
557,Port Hueneme,US,2022-03-25 20:15:04,34.1478,-119.1951,92.26,62,20,9.22
558,Namie,JP,2022-03-25 20:15:04,37.4833,141.0,55.71,80,100,12.1
559,Kununurra,AU,2022-03-25 20:11:15,-15.7667,128.7333,78.78,94,75,0.0
560,Veraval,IN,2022-03-25 20:15:05,20.9,70.3667,77.49,70,21,10.09
561,Urcos,PE,2022-03-25 20:15:06,-13.6861,-71.6228,64.29,70,100,7.52
562,Vicuna,CL,2022-03-25 20:15:06,-30.0319,-70.7081,88.77,28,0,8.12
563,Hinton,CA,2022-03-25 20:15:08,53.4001,-117.5857,35.67,67,100,3.74
564,Neuquen,AR,2022-03-25 20:15:09,-38.9516,-68.0591,73.29,28,0,5.75
565,Sur,OM,2022-03-25 20:15:10,22.5667,59.5289,82.11,33,0,6.98
566,Sirjan,IR,2022-03-25 20:15:10,29.452,55.6814,63.5,22,0,16.37
567,Roebourne,AU,2022-03-25 20:15:11,-20.7833,117.1333,83.53,71,65,10.07
568,Krasnoselkup,RU,2022-03-25 20:15:12,65.7,82.4667,21.96,94,100,23.71
569,Nizwa,OM,2022-03-25 20:15:12,22.9333,57.5333,77.04,16,0,3.6
570,Whitehorse,CA,2022-03-25 20:14:11,60.7161,-135.0538,39.02,55,100,11.99
571,Robore,BO,2022-03-25 20:15:13,-18.3333,-59.75,62.69,88,100,6.91
572,Yulara,AU,2022-03-25 20:15:13,-25.2406,130.9889,71.44,35,40,9.22
573,Puebloviejo,CO,2022-03-25 20:15:14,10.9938,-74.2844,88.16,57,11,11.5
574,Bontang,ID,2022-03-25 20:15:14,0.1333,117.5,76.46,88,93,4.16
575,Santa Maria,BR,2022-03-25 20:13:31,-29.6842,-53.8069,69.17,63,43,14.5
576,Bouloupari,NC,2022-03-25 20:15:15,-21.8667,166.05,73.31,81,98,4.56
577,Lincoln,US,2022-03-25 20:10:36,40.8,-96.667,57.29,29,0,26.46
578,Watsa,CD,2022-03-25 20:15:15,3.0372,29.5355,65.39,88,94,6.02
579,Porec,HR,2022-03-25 20:15:16,45.2258,13.5939,56.05,50,0,4.59
580,Jacqueville,CI,2022-03-25 20:15:16,5.2052,-4.4146,81.28,88,53,13.13
581,Athabasca,CA,2022-03-25 20:15:16,54.7169,-113.2854,23.41,71,100,7.96
582,Padang,ID,2022-03-25 20:15:17,-0.9492,100.3543,76.42,81,21,3.33
583,Mogoytuy,RU,2022-03-25 20:15:18,51.2833,114.9167,18.19,63,94,13.09
584,Nuuk,GL,2022-03-25 20:11:12,64.1835,-51.7216,25.41,63,75,4.61
