City_ID,City,Country,Date,Lat,Lng,Max Temp,Humidity,Cloudiness,Wind Speed,Current Description
0,Rikitea,PF,2022-03-26 14:02:51,-23.1203,-134.9692,78.76,74,6,14.25,clear sky
1,Douentza,ML,2022-03-26 14:02:52,14.9951,-2.9517,101.17,19,11,8.01,few clouds
2,Port Elizabeth,ZA,2022-03-26 14:02:53,-33.918,25.5701,69.31,79,74,3.0,broken clouds
3,Bredasdorp,ZA,2022-03-26 14:02:53,-34.5322,20.0403,70.63,58,60,18.21,broken clouds
4,Kapaa,US,2022-03-26 14:02:19,22.0752,-159.319,66.18,66,99,13.09,overcast clouds
5,Hilo,US,2022-03-26 13:57:05,19.7297,-155.09,69.62,87,22,1.99,few clouds
6,Albany,US,2022-03-26 13:59:50,42.6001,-73.9662,45.45,70,100,3.69,overcast clouds
7,Carnarvon,AU,2022-03-26 14:02:54,-24.8667,113.6333,77.45,70,60,12.68,broken clouds
8,Rivers,CA,2022-03-26 14:02:55,50.0308,-100.2403,2.77,93,64,5.28,broken clouds
9,Nishihara,JP,2022-03-26 14:02:55,26.1842,127.7558,67.28,88,75,10.36,light rain
10,Pevek,RU,2022-03-26 14:02:55,69.7008,170.3133,-13.27,96,44,5.95,scattered clouds
11,Hobart,AU,2022-03-26 14:00:12,-42.8794,147.3294,58.26,94,40,4.61,scattered clouds
12,Port Hardy,CA,2022-03-26 14:00:45,50.6996,-127.4199,42.44,93,100,1.72,moderate rain
13,Victoria,HK,2022-03-26 14:00:01,22.2855,114.1577,80.65,88,17,10.0,few clouds
14,Taltal,CL,2022-03-26 14:01:05,-25.4,-70.4833,68.2,68,0,6.4,clear sky
15,Okhotsk,RU,2022-03-26 14:02:56,59.3833,143.3,0.12,99,59,2.28,broken clouds
16,Luqiao,CN,2022-03-26 14:00:25,28.5808,121.3772,58.01,91,99,5.39,overcast clouds
17,Plettenberg Bay,ZA,2022-03-26 14:02:57,-34.0527,23.3716,67.98,71,54,13.71,broken clouds
18,Port Lincoln,AU,2022-03-26 14:02:57,-34.7333,135.8667,63.59,80,5,10.42,clear sky
19,Touros,BR,2022-03-26 14:02:58,-5.1989,-35.4608,85.75,64,100,10.98,moderate rain
20,Latung,PH,2022-03-26 14:02:58,5.5,120.8833,83.16,77,94,11.83,overcast clouds
21,Sao Filipe,CV,2022-03-26 14:02:59,14.8961,-24.4956,70.68,75,2,12.77,clear sky
22,Tasiilaq,GL,2022-03-26 14:02:59,65.6145,-37.6368,28.56,88,52,4.43,broken clouds
23,Busselton,AU,2022-03-26 14:02:59,-33.65,115.3333,64.51,91,100,14.97,overcast clouds
24,Changji,CN,2022-03-26 14:03:00,44.0167,87.3167,50.79,50,0,6.71,clear sky
25,Palmer,US,2022-03-26 14:03:00,42.1584,-72.3287,50.14,61,29,4.0,scattered clouds
26,Marzuq,YE,2022-03-26 14:03:02,14.4,46.4667,85.57,19,6,10.89,clear sky
27,Kamaishi,JP,2022-03-26 14:03:03,39.2667,141.8833,54.25,95,100,26.89,light rain
28,Eureka,US,2022-03-26 14:01:49,40.8021,-124.1637,43.41,80,100,2.77,overcast clouds
29,North Bend,US,2022-03-26 14:00:44,43.4065,-124.2243,49.86,97,100,3.67,overcast clouds
30,Ushuaia,AR,2022-03-26 13:59:08,-54.8,-68.3,55.02,81,75,12.66,broken clouds
31,Mount Gambier,AU,2022-03-26 14:03:04,-37.8333,140.7667,51.71,100,75,0.0,fog
32,Punta Arenas,CL,2022-03-26 14:00:14,-53.15,-70.9167,50.11,66,100,5.1,overcast clouds
33,Dingle,PH,2022-03-26 14:03:04,10.9995,122.6711,78.98,77,22,5.99,few clouds
34,Puerto Baquerizo Moreno,EC,2022-03-26 14:02:52,-0.9,-89.6,78.6,81,98,8.3,overcast clouds
35,Atuona,PF,2022-03-26 14:03:05,-9.8,-139.0333,78.73,75,90,18.21,overcast clouds
36,Euclides Da Cunha,BR,2022-03-26 14:03:06,-10.5075,-39.0158,85.78,49,98,8.25,overcast clouds
37,Yellowknife,CA,2022-03-26 14:03:06,62.456,-114.3525,-16.58,78,85,10.0,overcast clouds
38,Byron Bay,AU,2022-03-26 14:03:06,-28.65,153.6167,66.94,94,99,7.18,light rain
39,San Rafael,AR,2022-03-26 14:03:07,-34.6177,-68.3301,70.88,23,0,9.8,clear sky
40,Tuktoyaktuk,CA,2022-03-26 14:03:07,69.4541,-133.0374,-15.07,93,59,12.01,broken clouds
41,Buala,SB,2022-03-26 14:03:09,-8.145,159.5921,78.03,85,100,6.73,light rain
42,Middelburg,ZA,2022-03-26 14:01:11,-25.7751,29.4648,70.54,56,85,6.42,light rain
43,Avera,US,2022-03-26 14:03:10,33.194,-82.5271,54.91,57,0,15.5,clear sky
44,Walvis Bay,NA,2022-03-26 14:03:10,-22.9575,14.5053,64.09,68,37,12.44,scattered clouds
45,Sulangan,PH,2022-03-26 14:03:11,11.1373,123.7228,83.03,78,69,16.08,broken clouds
46,Acapulco,MX,2022-03-26 14:00:33,16.8634,-99.8901,77.59,40,96,3.6,overcast clouds
47,Beruwala,LK,2022-03-26 14:03:42,6.4788,79.9828,80.29,81,69,6.17,broken clouds
48,Bathsheba,BB,2022-03-26 14:03:43,13.2167,-59.5167,80.67,66,100,18.32,overcast clouds
49,Ca Mau,VN,2022-03-26 14:03:43,9.1769,105.15,83.16,71,19,5.03,few clouds
50,Dikson,RU,2022-03-26 14:03:43,73.5069,80.5464,5.4,84,100,11.63,overcast clouds
51,Mar Del Plata,AR,2022-03-26 13:58:56,-38.0023,-57.5575,64.09,96,75,15.01,light intensity drizzle
52,Ketchikan,US,2022-03-26 14:03:45,55.3422,-131.6461,38.55,93,100,6.02,overcast clouds
53,Hasaki,JP,2022-03-26 14:03:46,35.7333,140.8333,63.0,89,100,30.85,light rain
54,Port Alfred,ZA,2022-03-26 14:03:46,-33.5906,26.891,68.18,81,100,3.0,overcast clouds
55,Zhigansk,RU,2022-03-26 14:03:46,66.7697,123.3711,4.33,99,99,6.2,overcast clouds
56,Labuhan,ID,2022-03-26 14:03:47,-6.8844,112.2051,79.77,85,98,8.97,light rain
57,Lorengau,PG,2022-03-26 14:03:47,-2.0226,147.2712,81.39,77,90,8.5,overcast clouds
58,Krasnoselkup,RU,2022-03-26 14:03:47,65.7,82.4667,18.93,92,100,22.57,light snow
59,Husavik,IS,2022-03-26 14:03:48,66.0449,-17.3389,41.72,96,100,16.06,overcast clouds
60,Thompson,CA,2022-03-26 13:59:32,55.7435,-97.8558,-18.24,69,0,6.91,clear sky
61,Banjar,ID,2022-03-26 14:03:48,-8.19,114.9675,78.85,92,90,1.95,overcast clouds
62,Omboue,GA,2022-03-26 14:03:49,-1.5746,9.2618,83.79,78,100,10.74,light rain
63,Muros,ES,2022-03-26 14:03:49,42.7762,-9.0603,67.68,63,88,6.4,overcast clouds
64,Bubaque,GW,2022-03-26 14:03:49,11.2833,-15.8333,78.06,51,39,8.1,scattered clouds
65,Hithadhoo,MV,2022-03-26 14:03:50,-0.6,73.0833,84.02,67,4,13.96,clear sky
66,Bahir Dar,ET,2022-03-26 14:03:50,11.5936,37.3908,87.89,14,44,12.88,scattered clouds
67,Santa Rosalia,MX,2022-03-26 14:03:51,27.3167,-112.2833,67.57,25,75,3.62,broken clouds
68,Nikolskoye,RU,2022-03-26 14:03:51,59.7035,30.7861,32.88,88,100,17.13,snow
69,Terre Haute,US,2022-03-26 14:02:53,39.4667,-87.4139,35.96,65,75,21.85,broken clouds
70,Lakes Entrance,AU,2022-03-26 14:03:52,-37.8811,147.981,55.17,91,8,5.1,clear sky
71,Kazachinskoye,RU,2022-03-26 14:03:52,57.6953,93.2761,21.45,81,58,13.51,broken clouds
72,Constantine,DZ,2022-03-26 14:00:26,36.365,6.6147,72.81,24,40,4.61,scattered clouds
73,Ilulissat,GL,2022-03-26 14:03:52,69.2167,-51.1,19.42,63,40,3.44,scattered clouds
74,Bengkulu,ID,2022-03-26 14:03:53,-3.8004,102.2655,80.65,78,100,5.59,overcast clouds
75,Palm Springs,US,2022-03-26 13:59:36,33.8303,-116.5453,75.97,28,100,4.18,overcast clouds
76,Puerto Ayora,EC,2022-03-26 14:03:53,-0.7393,-90.3518,79.11,82,100,6.85,light rain
77,Nijar,ES,2022-03-26 14:03:54,36.9665,-2.206,53.24,88,100,3.44,overcast clouds
78,Tupik,RU,2022-03-26 14:03:54,54.4253,119.9327,16.52,98,100,2.46,overcast clouds
79,Bambous Virieux,MU,2022-03-26 14:03:55,-20.3428,57.7575,83.21,75,6,8.66,clear sky
80,Mount Vernon,US,2022-03-26 14:03:56,40.9126,-73.8371,52.03,57,75,5.99,broken clouds
81,Chokurdakh,RU,2022-03-26 14:03:56,70.6333,147.9167,0.84,95,100,11.03,overcast clouds
82,Vao,NC,2022-03-26 14:03:57,-22.6667,167.4833,76.5,75,71,14.41,broken clouds
83,Saldanha,ZA,2022-03-26 14:03:57,-33.0117,17.9442,66.22,66,63,11.7,broken clouds
84,Bethel,US,2022-03-26 14:03:58,41.3712,-73.414,50.36,66,75,6.91,broken clouds
85,Neman,RU,2022-03-26 14:03:58,55.0311,22.0264,44.33,50,30,22.53,scattered clouds
86,Vila Velha,BR,2022-03-26 13:59:53,-20.3297,-40.2925,87.75,66,20,12.66,few clouds
87,Tuatapere,NZ,2022-03-26 14:03:59,-46.1333,167.6833,51.98,89,63,1.16,broken clouds
88,Tamandare,BR,2022-03-26 14:03:59,-8.7597,-35.1047,83.97,70,99,9.4,overcast clouds
89,Lebu,CL,2022-03-26 14:04:30,-37.6167,-73.65,58.82,75,99,6.58,overcast clouds
90,Ravar,IR,2022-03-26 14:04:31,31.2656,56.8055,78.15,5,0,17.65,clear sky
91,Georgetown,MY,2022-03-26 14:01:43,5.4112,100.3354,84.13,79,20,1.14,light rain
92,Sitka,US,2022-03-26 14:04:32,57.0531,-135.33,33.69,80,0,3.44,clear sky
93,Pahrump,US,2022-03-26 14:04:32,36.2083,-115.9839,64.94,21,99,7.29,overcast clouds
94,Oyama,JP,2022-03-26 14:02:17,36.3,139.8,63.59,85,100,14.41,overcast clouds
95,Colares,PT,2022-03-26 14:04:32,38.7992,-9.4469,70.32,57,20,10.36,few clouds
96,Xam Nua,LA,2022-03-26 14:04:33,20.4197,104.0439,68.22,63,0,2.64,clear sky
97,Esperance,AU,2022-03-26 14:04:33,-33.8667,121.9,68.18,80,100,1.68,moderate rain
98,Saskylakh,RU,2022-03-26 14:04:34,71.9167,114.0833,-19.26,100,100,2.33,overcast clouds
99,Takoradi,GH,2022-03-26 14:04:34,4.8845,-1.7554,85.15,71,75,9.82,light rain
100,Bluff,NZ,2022-03-26 14:04:34,-46.6,168.3333,55.0,81,10,1.12,clear sky
101,Upernavik,GL,2022-03-26 14:04:35,72.7868,-56.1549,5.49,87,100,1.21,overcast clouds
102,Butaritari,KI,2022-03-26 14:04:35,3.0707,172.7902,79.56,77,100,11.01,overcast clouds
103,Keti Bandar,PK,2022-03-26 14:04:36,24.1447,67.4497,81.7,61,0,11.95,clear sky
104,Cape Town,ZA,2022-03-26 14:03:54,-33.9258,18.4232,86.11,42,0,12.33,clear sky
105,Narrabri,AU,2022-03-26 14:04:36,-30.3167,149.7833,65.52,76,100,1.99,light rain
106,Nampula,MZ,2022-03-26 14:04:36,-15.1165,39.2666,81.39,80,82,3.53,light rain
107,Chuy,UY,2022-03-26 14:04:37,-33.6971,-53.4616,69.6,65,90,16.75,overcast clouds
108,Talnakh,RU,2022-03-26 14:04:37,69.4865,88.3972,13.78,75,100,6.51,overcast clouds
109,Saint-Philippe,RE,2022-03-26 14:04:37,-21.3585,55.7679,83.79,84,52,7.9,light rain
110,Tommot,RU,2022-03-26 14:04:38,58.9564,126.2925,4.15,99,68,2.59,broken clouds
111,Grand Gaube,MU,2022-03-26 14:04:38,-20.0064,57.6608,83.37,78,2,5.01,clear sky
112,Tulun,RU,2022-03-26 14:04:39,54.5611,100.5792,20.23,94,100,6.69,overcast clouds
113,Lumberton,US,2022-03-26 14:04:14,34.6182,-79.0086,58.91,51,3,15.3,clear sky
114,Gwadar,PK,2022-03-26 14:04:39,25.1216,62.3254,80.89,55,0,11.52,clear sky
115,Kyren,RU,2022-03-26 14:04:40,51.6828,102.1408,16.81,76,10,4.41,clear sky
116,Katsuura,JP,2022-03-26 14:04:40,35.1333,140.3,63.03,93,100,34.83,light rain
117,Jamestown,US,2022-03-26 14:00:58,42.097,-79.2353,37.02,64,100,14.97,overcast clouds
118,Longyearbyen,SJ,2022-03-26 14:04:41,78.2186,15.6401,3.04,72,20,6.91,few clouds
119,Ulaangom,MN,2022-03-26 14:04:41,49.9811,92.0667,2.12,88,12,6.22,few clouds
120,Dhidhdhoo,MV,2022-03-26 14:04:41,6.8833,73.1,82.69,65,0,5.3,clear sky
121,Huarmey,PE,2022-03-26 14:04:42,-10.0681,-78.1522,72.73,78,100,6.98,overcast clouds
122,Santa Cruz,BO,2022-03-26 14:00:04,-17.8,-63.1667,67.73,68,100,6.91,overcast clouds
123,Roma,US,2022-03-26 14:00:08,43.2128,-75.4557,45.95,85,100,1.99,overcast clouds
124,Kununurra,AU,2022-03-26 14:04:42,-15.7667,128.7333,82.38,74,14,8.05,few clouds
125,Kisangani,CD,2022-03-26 14:00:24,0.5167,25.2,94.71,34,99,0.94,overcast clouds
126,Biltine,TD,2022-03-26 14:04:43,14.5333,20.9167,94.32,7,6,14.83,clear sky
127,Amahai,ID,2022-03-26 14:04:43,-3.3333,128.9167,78.26,85,100,2.77,overcast clouds
128,Cockburn Town,TC,2022-03-26 14:04:44,21.4612,-71.1419,78.33,72,26,15.82,scattered clouds
129,Iqaluit,CA,2022-03-26 14:04:44,63.7506,-68.5145,20.7,79,100,23.0,overcast clouds
130,Cherskiy,RU,2022-03-26 14:04:44,68.75,161.3,-21.6,100,95,4.07,overcast clouds
131,Axim,GH,2022-03-26 14:04:45,4.8699,-2.2405,86.43,68,87,9.6,light rain
132,Kushiro,JP,2022-03-26 14:04:18,42.975,144.3747,39.4,99,100,13.58,moderate rain
133,Tiarei,PF,2022-03-26 14:04:45,-17.5333,-149.3333,77.02,75,93,13.31,overcast clouds
134,Mataura,NZ,2022-03-26 14:04:46,-46.1927,168.8643,47.41,99,21,0.89,few clouds
135,Tshikapa,CD,2022-03-26 14:04:46,-6.4167,20.8,86.59,61,100,3.51,light rain
136,Taoudenni,ML,2022-03-26 14:04:46,22.6783,-3.9836,91.54,10,63,2.15,broken clouds
137,Ponta Do Sol,PT,2022-03-26 14:05:19,32.6667,-17.1,68.05,75,100,13.13,overcast clouds
138,Oriximina,BR,2022-03-26 14:05:20,-1.7656,-55.8661,82.29,78,83,4.21,broken clouds
139,Port Macquarie,AU,2022-03-26 14:05:21,-31.4333,152.9167,63.9,87,100,3.89,light rain
140,Hualmay,PE,2022-03-26 14:05:21,-11.0964,-77.6139,71.51,79,100,7.47,overcast clouds
141,New Norfolk,AU,2022-03-26 14:05:22,-42.7826,147.0587,58.5,97,1,2.3,clear sky
142,Coquimbo,CL,2022-03-26 14:04:02,-29.9533,-71.3436,63.14,80,98,3.87,overcast clouds
143,Plyussa,RU,2022-03-26 14:05:22,58.4308,29.3654,31.23,83,100,18.07,light snow
144,Westport,US,2022-03-26 14:05:23,41.1415,-73.3579,52.18,62,100,9.22,overcast clouds
145,Faanui,PF,2022-03-26 14:05:24,-16.4833,-151.75,82.11,70,57,14.88,broken clouds
146,Arraial Do Cabo,BR,2022-03-26 14:05:24,-22.9661,-42.0278,89.46,62,0,10.36,clear sky
147,Halol,IN,2022-03-26 14:02:26,22.5,73.4667,94.24,15,2,8.19,clear sky
148,Sinnamary,GF,2022-03-26 14:05:25,5.3833,-52.95,81.03,75,99,14.23,overcast clouds
149,Kodiak,US,2022-03-26 14:01:24,57.79,-152.4072,33.82,89,76,0.87,broken clouds
150,Sernur,RU,2022-03-26 14:02:24,56.9333,49.1536,33.28,97,100,21.61,overcast clouds
151,Hamilton,US,2022-03-26 14:05:26,39.1834,-84.5333,37.24,79,100,21.85,overcast clouds
152,Beipiao,CN,2022-03-26 14:05:26,41.7919,120.7792,43.32,23,100,16.78,overcast clouds
153,Khatanga,RU,2022-03-26 14:05:27,71.9667,102.5,-9.11,99,28,6.73,scattered clouds
154,Kanye,BW,2022-03-26 14:05:28,-24.9667,25.3327,75.74,42,94,4.05,overcast clouds
155,Fortuna,US,2022-03-26 14:05:28,40.5982,-124.1573,43.14,100,0,8.05,clear sky
156,Praia Da Vitoria,PT,2022-03-26 14:05:29,38.7333,-27.0667,58.75,96,100,18.97,overcast clouds
157,De Aar,ZA,2022-03-26 14:03:28,-30.6497,24.0123,76.39,22,3,11.34,clear sky
158,Udachnyy,RU,2022-03-26 14:04:25,66.4167,112.4,5.41,98,79,4.29,broken clouds
159,Castro,BR,2022-03-26 14:01:22,-24.7911,-50.0119,72.23,79,99,8.66,overcast clouds
160,Vanimo,PG,2022-03-26 14:05:30,-2.6741,141.3028,79.05,84,99,6.26,overcast clouds
161,Sola,VU,2022-03-26 14:05:30,-13.8833,167.55,82.29,73,100,8.79,overcast clouds
162,Aktash,RU,2022-03-26 14:05:30,50.3,87.7333,3.52,84,65,4.56,broken clouds
163,Ancud,CL,2022-03-26 14:05:31,-41.8697,-73.8203,54.23,91,100,8.55,light rain
164,Davila,PH,2022-03-26 14:05:31,18.4726,120.5763,81.07,81,5,7.23,clear sky
165,Middleton,GB,2022-03-26 14:01:33,53.55,-2.2,68.36,53,18,7.0,few clouds
166,Ixtapa,MX,2022-03-26 14:05:32,20.7,-105.2,60.03,88,0,0.0,clear sky
167,Bud,US,2022-03-26 14:05:32,39.447,-86.1758,35.74,75,100,18.25,overcast clouds
168,Ciudad Bolivar,VE,2022-03-26 14:05:33,8.1222,-63.5497,85.77,51,74,12.93,broken clouds
169,East London,ZA,2022-03-26 14:05:33,-33.0153,27.9116,66.45,88,100,10.78,light rain
170,Barrow,US,2022-03-26 14:05:34,71.2906,-156.7887,-3.98,77,0,19.57,haze
171,Hermanus,ZA,2022-03-26 14:05:34,-34.4187,19.2345,75.79,56,4,18.52,clear sky
172,Yinchuan,CN,2022-03-26 14:05:35,38.4681,106.2731,43.7,10,100,10.18,overcast clouds
173,Pangnirtung,CA,2022-03-26 14:05:35,66.1451,-65.7125,23.13,83,100,5.68,overcast clouds
174,Provideniya,RU,2022-03-26 14:05:35,64.3833,-173.3,13.28,96,100,4.27,light snow
175,Ryotsu,JP,2022-03-26 14:05:36,38.0833,138.4333,55.2,95,100,16.49,overcast clouds
176,Alice Springs,AU,2022-03-26 14:03:45,-23.7,133.8833,69.22,32,4,4.61,clear sky
177,Kieta,PG,2022-03-26 14:05:36,-6.2167,155.6333,75.69,94,100,1.07,moderate rain
178,Geraldton,AU,2022-03-26 14:05:37,-28.7667,114.6,75.61,88,40,4.61,scattered clouds
179,Batagay,RU,2022-03-26 14:05:37,67.6333,134.6333,-9.98,100,89,4.18,overcast clouds
180,Qaanaaq,GL,2022-03-26 14:05:38,77.484,-69.3632,-1.62,84,98,4.65,overcast clouds
181,Los Llanos De Aridane,ES,2022-03-26 14:05:38,28.6585,-17.9182,62.35,74,75,19.57,broken clouds
182,Caraballeda,VE,2022-03-26 14:06:09,10.6112,-66.8522,84.87,80,20,3.44,few clouds
183,Ulladulla,AU,2022-03-26 14:06:09,-35.35,150.4667,63.5,91,44,4.16,light rain
184,Cabo San Lucas,MX,2022-03-26 14:04:44,22.8909,-109.9124,67.51,65,100,1.32,overcast clouds
185,Shimoda,JP,2022-03-26 14:06:11,34.6667,138.95,61.11,96,100,33.08,overcast clouds
186,Buin,CL,2022-03-26 14:06:11,-33.7333,-70.75,71.87,39,0,4.74,clear sky
187,Gold Coast,AU,2022-03-26 14:06:12,-28.0,153.4333,72.0,90,75,8.05,broken clouds
188,Deputatskiy,RU,2022-03-26 14:06:13,69.3,139.9,-14.01,99,74,7.31,broken clouds
189,Avarua,CK,2022-03-26 14:06:14,-21.2078,-159.775,77.05,94,75,10.36,broken clouds
190,Leningradskiy,RU,2022-03-26 14:06:14,69.3833,178.4167,-7.29,88,57,4.45,broken clouds
191,Campoverde,PE,2022-03-26 14:06:15,-8.4753,-74.8058,80.29,71,100,3.06,overcast clouds
192,Vaini,TO,2022-03-26 14:06:15,-21.2,-175.2,73.56,88,40,4.61,scattered clouds
193,Ust-Kuyga,RU,2022-03-26 14:06:16,70.0167,135.6,-15.38,100,97,3.53,overcast clouds
194,Yagodnoye,RU,2022-03-26 14:06:16,62.55,149.6667,-7.96,98,89,3.42,overcast clouds
195,Ambikapur,IN,2022-03-26 14:06:17,23.1167,83.2,79.16,15,13,5.39,few clouds
196,Komsomolets,KZ,2022-03-26 14:06:17,53.7453,62.0708,7.95,97,95,5.93,overcast clouds
197,Muravlenko,RU,2022-03-26 14:06:18,63.7898,74.523,12.83,92,88,12.95,overcast clouds
198,Buenos Aires,AR,2022-03-26 14:04:16,-34.6132,-58.3772,67.95,81,100,1.99,overcast clouds
199,Tarko-Sale,RU,2022-03-26 14:06:18,64.9225,77.785,5.11,84,29,15.7,scattered clouds
200,Khudumelapye,BW,2022-03-26 14:06:23,-23.8833,24.75,75.25,53,92,2.59,overcast clouds
201,Airai,TL,2022-03-26 14:06:24,-8.9266,125.4092,60.6,94,62,1.34,broken clouds
202,Lavrentiya,RU,2022-03-26 14:06:25,65.5833,-171.0,-2.76,100,93,4.72,overcast clouds
203,Ananas,HT,2022-03-26 14:06:27,19.2466,-71.9557,79.02,56,20,3.44,few clouds
204,Mehamn,NO,2022-03-26 14:06:29,71.0357,27.8492,23.81,65,100,28.61,light snow
205,Tessalit,ML,2022-03-26 14:02:13,20.1986,1.0114,99.07,8,87,18.99,overcast clouds
206,Kuzino,RU,2022-03-26 14:06:30,57.0224,59.4412,27.32,82,100,8.61,overcast clouds
207,Yaan,NG,2022-03-26 14:06:31,7.3833,8.5667,104.95,9,75,4.9,broken clouds
208,Moranbah,AU,2022-03-26 14:06:31,-22.0016,148.0466,71.42,85,41,9.93,scattered clouds
209,Bilma,NE,2022-03-26 14:06:31,18.6853,12.9164,88.34,7,94,10.94,overcast clouds
210,Lompoc,US,2022-03-26 14:06:32,34.6391,-120.4579,49.62,96,100,5.75,fog
211,Sur,OM,2022-03-26 14:04:12,22.5667,59.5289,86.25,34,2,3.33,clear sky
212,Matara,LK,2022-03-26 14:06:32,5.9485,80.5353,79.29,79,16,4.27,few clouds
213,Sattahip,TH,2022-03-26 14:06:33,12.6664,100.9007,88.99,83,20,6.91,few clouds
214,Ribeira Grande,PT,2022-03-26 14:06:33,38.5167,-28.7,57.6,88,75,17.27,mist
215,Marabba,SD,2022-03-26 14:06:34,12.35,32.1833,94.08,7,16,17.31,few clouds
216,Huilong,CN,2022-03-26 14:06:34,31.8111,121.655,55.92,61,100,7.74,overcast clouds
217,Tautira,PF,2022-03-26 14:06:35,-17.7333,-149.15,80.55,75,74,12.68,light rain
218,Coahuayana,MX,2022-03-26 14:06:35,18.7333,-103.6833,70.05,35,77,2.44,broken clouds
219,Mormugao,IN,2022-03-26 14:06:35,15.4,73.8,81.43,78,19,10.04,few clouds
220,Rongcheng,CN,2022-03-26 14:06:36,30.634,117.8517,54.93,83,100,1.83,overcast clouds
221,Nauta,PE,2022-03-26 14:06:36,-4.5061,-73.5757,74.16,96,100,1.48,overcast clouds
222,Beringovskiy,RU,2022-03-26 14:06:37,63.05,179.3167,-0.24,99,86,2.68,overcast clouds
223,Buta,CD,2022-03-26 14:07:07,2.7858,24.73,102.87,14,99,4.56,overcast clouds
224,Parana,AR,2022-03-26 14:07:09,-31.732,-60.5238,70.56,76,4,8.37,clear sky
225,Chumikan,RU,2022-03-26 14:07:10,54.7183,135.315,10.47,97,100,3.22,overcast clouds
226,Antofagasta,CL,2022-03-26 14:07:11,-23.65,-70.4,65.48,59,3,6.04,clear sky
227,San Vicente,AR,2022-03-26 14:07:11,-26.6167,-54.1333,69.4,49,0,4.52,clear sky
228,Roccastrada,IT,2022-03-26 14:07:12,43.0099,11.1665,70.09,35,99,6.17,overcast clouds
229,Colon,PA,2022-03-26 14:06:25,9.3592,-79.9014,78.87,82,100,12.28,overcast clouds
230,Verkhnyaya Inta,RU,2022-03-26 14:07:14,65.9811,60.3094,9.12,93,37,5.5,scattered clouds
231,Port-Gentil,GA,2022-03-26 14:07:15,-0.7193,8.7815,82.33,80,100,12.19,light rain
232,Bezenchuk,RU,2022-03-26 14:07:16,52.982,49.4333,33.04,92,100,13.53,overcast clouds
233,Esso,RU,2022-03-26 14:07:16,55.9333,158.7,1.09,98,76,5.37,broken clouds
234,Hobyo,SO,2022-03-26 14:06:17,5.3505,48.5268,83.43,56,2,17.45,clear sky
235,Praia,CV,2022-03-26 14:04:00,14.9215,-23.5087,77.54,53,75,21.85,broken clouds
236,Luderitz,NA,2022-03-26 14:07:17,-26.6481,15.1594,70.47,61,0,13.35,clear sky
237,Kruisfontein,ZA,2022-03-26 14:07:19,-34.0033,24.7314,65.88,66,93,12.82,overcast clouds
238,Samfya,ZM,2022-03-26 14:07:20,-11.3649,29.5565,78.96,62,98,2.24,overcast clouds
239,San Quintin,MX,2022-03-26 14:06:43,30.4833,-115.95,59.02,88,100,4.76,overcast clouds
240,Nome,US,2022-03-26 14:07:20,64.5011,-165.4064,10.47,92,100,3.44,fog
241,Sao Joao Da Barra,BR,2022-03-26 14:07:21,-21.6403,-41.0511,89.69,72,99,9.57,overcast clouds
242,Kaitangata,NZ,2022-03-26 14:07:21,-46.2817,169.8464,50.13,96,48,2.89,scattered clouds
243,Quesnel,CA,2022-03-26 14:07:22,52.9999,-122.5029,30.69,90,100,1.34,overcast clouds
244,Ust-Maya,RU,2022-03-26 14:07:22,60.4167,134.5333,-1.79,100,80,2.06,broken clouds
245,Tiksi,RU,2022-03-26 14:07:26,71.6872,128.8694,-12.77,100,100,2.82,overcast clouds
246,Indiaroba,BR,2022-03-26 14:07:27,-11.5192,-37.5117,88.16,52,11,6.76,few clouds
247,Santa Cruz Cabralia,BR,2022-03-26 14:07:28,-16.2781,-39.0247,84.43,70,40,11.5,scattered clouds
248,Dudinka,RU,2022-03-26 14:07:29,69.4058,86.1778,21.09,73,100,16.4,overcast clouds
249,Charlestown,AU,2022-03-26 14:02:33,-32.95,151.6667,69.73,94,63,5.01,broken clouds
250,Narsaq,GL,2022-03-26 14:07:30,60.9167,-46.05,28.62,51,3,1.95,clear sky
251,Dayong,CN,2022-03-26 14:07:30,25.0209,118.2898,69.37,96,93,6.42,overcast clouds
252,Opuwo,NA,2022-03-26 14:07:31,-18.0607,13.84,87.24,18,9,8.81,clear sky
253,Port Hedland,AU,2022-03-26 14:07:31,-20.3167,118.5667,86.05,79,22,13.8,few clouds
254,Bowen,AU,2022-03-26 14:07:33,-20.0167,148.2333,79.36,70,100,10.31,overcast clouds
255,Bonthe,SL,2022-03-26 14:07:34,7.5264,-12.505,89.44,60,64,13.78,broken clouds
256,Kavieng,PG,2022-03-26 14:07:34,-2.5744,150.7967,82.08,75,99,9.06,overcast clouds
257,Yangambi,CD,2022-03-26 14:07:34,0.8102,24.4336,97.18,27,50,3.27,scattered clouds
258,Rio Gallegos,AR,2022-03-26 14:06:38,-51.6226,-69.2181,58.71,49,100,13.67,overcast clouds
259,Saint Anthony,US,2022-03-26 14:07:35,45.0205,-93.218,22.14,52,0,23.02,clear sky
260,Xiaoshan,CN,2022-03-26 14:07:35,30.1675,120.2588,58.86,51,40,6.71,scattered clouds
261,Dekar,BW,2022-03-26 14:07:36,-21.5333,21.9333,80.96,42,100,2.95,overcast clouds
262,Kayes,ML,2022-03-26 14:07:36,14.0,-11.0,102.33,9,0,5.21,clear sky
263,Kapit,MY,2022-03-26 14:07:37,2.0167,112.9333,74.91,97,100,0.65,light rain
264,Bagrami,AF,2022-03-26 14:07:37,34.4938,69.2743,69.12,18,99,4.03,overcast clouds
265,Karratha,AU,2022-03-26 14:07:37,-20.7377,116.8463,84.11,71,70,14.03,broken clouds
266,Sovetskiy,RU,2022-03-26 14:08:08,61.3614,63.5842,22.6,81,67,9.86,broken clouds
267,Arlit,NE,2022-03-26 14:08:09,18.7369,7.3853,99.09,5,54,8.41,broken clouds
268,Saint George,US,2022-03-26 14:05:50,37.1041,-113.5841,52.39,30,0,0.0,clear sky
269,Adrar,MR,2022-03-26 14:08:09,20.5022,-10.0711,86.22,12,0,2.73,clear sky
270,Slave Lake,CA,2022-03-26 14:08:10,55.2834,-114.769,18.75,90,94,9.28,overcast clouds
271,Severo-Kurilsk,RU,2022-03-26 14:08:10,50.6789,156.125,23.18,76,5,4.7,clear sky
272,Kahului,US,2022-03-26 14:08:10,20.8947,-156.47,71.83,88,100,5.75,light rain
273,Sampit,ID,2022-03-26 14:08:11,-2.5333,112.95,77.54,90,49,3.58,moderate rain
274,Dabat,ET,2022-03-26 14:08:11,12.9842,37.765,75.69,16,25,7.74,scattered clouds
275,Corralillo,CU,2022-03-26 14:08:12,22.9819,-80.5856,74.41,56,95,13.69,light rain
276,Shenjiamen,CN,2022-03-26 14:08:12,29.9576,122.298,51.48,64,94,14.09,overcast clouds
277,Tabory,RU,2022-03-26 14:08:12,58.5198,64.5495,22.8,77,16,7.92,few clouds
278,Ambon,ID,2022-03-26 14:08:13,-3.6954,128.1814,77.14,94,40,8.05,scattered clouds
279,Homer,US,2022-03-26 14:08:13,59.6425,-151.5483,34.81,89,100,3.0,overcast clouds
280,Bandarbeyla,SO,2022-03-26 14:08:14,9.4942,50.8122,80.06,58,0,10.87,clear sky
281,Asyut,EG,2022-03-26 14:08:15,27.181,31.1837,73.8,12,0,18.61,clear sky
282,Ambovombe,MG,2022-03-26 14:08:16,-25.1667,46.0833,77.16,78,76,12.26,broken clouds
283,Gua Musang,MY,2022-03-26 14:08:16,4.8823,101.9644,74.35,97,7,0.67,clear sky
284,Barra Do Garcas,BR,2022-03-26 14:08:18,-15.89,-52.2567,85.05,67,86,1.43,overcast clouds
285,Sabang,ID,2022-03-26 14:08:18,5.8933,95.3214,83.8,67,18,2.08,few clouds
286,Sao Paulo De Olivenca,BR,2022-03-26 14:08:19,-3.3783,-68.8725,75.13,95,100,0.78,overcast clouds
287,Rawlins,US,2022-03-26 14:08:19,41.7911,-107.2387,46.29,42,0,10.36,clear sky
288,Puerto Madryn,AR,2022-03-26 14:06:41,-42.7692,-65.0385,65.61,43,55,21.88,broken clouds
289,Evensk,RU,2022-03-26 14:08:20,61.95,159.2333,4.8,78,99,7.4,overcast clouds
290,Sioux Lookout,CA,2022-03-26 14:08:21,50.1001,-91.917,3.58,90,100,11.41,overcast clouds
291,Dondo,MZ,2022-03-26 14:08:21,-19.6094,34.7431,81.84,76,68,9.84,broken clouds
292,Batamshinskiy,KZ,2022-03-26 14:08:22,50.5594,58.2747,27.9,96,100,11.18,overcast clouds
293,Tateyama,JP,2022-03-26 14:08:23,34.9833,139.8667,64.09,92,100,40.62,light rain
294,Lalian,PK,2022-03-26 14:08:23,31.8241,72.7997,83.03,12,0,7.29,clear sky
295,Nikki,BJ,2022-03-26 14:06:21,9.9401,3.2108,103.39,9,9,8.68,clear sky
296,Coripata,BO,2022-03-26 14:08:24,-16.3,-67.6,63.55,98,100,2.17,overcast clouds
297,Paita,PE,2022-03-26 14:08:25,-5.0892,-81.1144,71.1,87,100,8.32,light rain
298,Norman Wells,CA,2022-03-26 14:08:25,65.282,-126.8329,-7.92,97,100,3.83,overcast clouds
299,Tiznit,MA,2022-03-26 14:08:25,29.5833,-9.5,64.44,44,0,6.24,clear sky
300,Binzhou,CN,2022-03-26 14:08:26,37.3667,118.0167,57.72,23,68,16.49,broken clouds
301,Lodja,CD,2022-03-26 14:08:26,-3.4833,23.4333,95.38,33,9,2.57,clear sky
302,Koslan,RU,2022-03-26 14:12:23,63.4564,48.8989,27.09,95,100,12.57,snow
303,Laguna,US,2022-03-26 14:12:53,38.421,-121.4238,56.79,88,0,5.75,clear sky
304,Bilibino,RU,2022-03-26 14:12:54,68.0546,166.4372,-12.17,100,100,3.44,overcast clouds
305,Valdivia,CL,2022-03-26 14:12:54,-39.8142,-73.2459,48.29,62,0,3.15,clear sky
306,Broome,US,2022-03-26 14:12:54,42.2506,-75.833,42.37,85,100,11.5,overcast clouds
307,Guerrero Negro,MX,2022-03-26 14:12:55,27.9769,-114.0611,58.82,81,2,5.64,clear sky
308,Xining,CN,2022-03-26 14:12:55,36.6167,101.7667,37.22,40,99,13.82,overcast clouds
309,Codrington,AU,2022-03-26 14:12:56,-38.2667,141.9667,55.72,91,0,5.77,clear sky
310,Yenagoa,NG,2022-03-26 14:12:56,4.9247,6.2642,94.39,44,61,6.46,broken clouds
311,Souillac,MU,2022-03-26 14:12:56,-20.5167,57.5167,81.34,78,49,9.95,scattered clouds
312,Nouadhibou,MR,2022-03-26 14:12:57,20.931,-17.0347,64.15,71,27,11.5,scattered clouds
313,Luwuk,ID,2022-03-26 14:12:58,-0.9516,122.7875,77.25,85,81,2.93,broken clouds
314,Sisophon,KH,2022-03-26 14:12:59,13.5859,102.9737,87.69,59,31,6.58,scattered clouds
315,Pontianak,ID,2022-03-26 14:13:00,-0.0333,109.3333,82.38,83,40,5.75,scattered clouds
316,Erenhot,CN,2022-03-26 14:13:00,43.6475,111.9767,29.3,23,7,9.66,clear sky
317,Qala,AZ,2022-03-26 14:13:01,40.4418,50.1681,46.29,71,100,6.91,overcast clouds
318,Bosobolo,CD,2022-03-26 14:13:01,4.1833,19.9,100.45,20,100,5.84,overcast clouds
319,Sayyan,YE,2022-03-26 14:13:01,15.1718,44.3244,71.33,22,57,18.77,broken clouds
320,Pundaguitan,PH,2022-03-26 14:13:02,6.3711,126.1689,78.98,80,100,12.26,overcast clouds
321,Kharp,RU,2022-03-26 14:13:02,66.8014,65.8081,4.19,97,61,3.76,broken clouds
322,Clyde River,CA,2022-03-26 14:13:03,70.4692,-68.5914,-3.77,77,100,4.61,light snow
323,Valentin Gomez Farias,MX,2022-03-26 14:13:03,28.2167,-106.5833,54.63,13,95,2.86,overcast clouds
324,Koumac,NC,2022-03-26 14:13:04,-20.5667,164.2833,76.69,82,27,4.59,scattered clouds
325,Havre-Saint-Pierre,CA,2022-03-26 14:13:04,50.2334,-63.5986,30.56,100,100,21.85,overcast clouds
326,Itacarambi,BR,2022-03-26 14:13:05,-15.1022,-44.0919,90.37,36,6,5.17,clear sky
327,Casino,AU,2022-03-26 14:13:05,-28.8667,153.05,66.78,100,100,10.36,overcast clouds
328,Cuiluan,CN,2022-03-26 14:13:05,47.72,128.648,26.44,97,99,4.94,overcast clouds
329,Oksfjord,NO,2022-03-26 14:13:06,70.2396,22.3479,24.87,74,100,16.62,light snow
330,Anadyr,RU,2022-03-26 14:13:06,64.75,177.4833,9.1,84,75,2.24,light snow
331,Honningsvag,NO,2022-03-26 14:13:07,70.9821,25.9704,22.75,86,40,21.85,light snow
332,Namibe,AO,2022-03-26 14:13:07,-15.1961,12.1522,79.0,64,17,16.49,few clouds
333,Domna,RU,2022-03-26 14:12:17,51.8971,113.1573,24.96,30,2,8.95,clear sky
334,Chimbote,PE,2022-03-26 14:13:08,-9.0853,-78.5783,71.02,80,99,4.94,overcast clouds
335,Rumphi,MW,2022-03-26 14:13:08,-11.0186,33.8575,78.85,67,26,4.94,scattered clouds
336,Bokoro,TD,2022-03-26 14:13:09,12.3807,17.0568,100.44,7,94,14.43,overcast clouds
337,Saint-Anselme,CA,2022-03-26 14:13:09,46.6292,-70.9734,33.94,100,100,8.37,light snow
338,Kendari,ID,2022-03-26 14:13:10,-3.945,122.4989,77.22,90,83,1.52,broken clouds
339,Longhua,CN,2022-03-26 14:13:10,23.6137,114.1919,71.28,96,95,4.16,overcast clouds
340,Japura,ID,2022-03-26 14:13:10,-0.3167,102.35,78.71,82,32,2.55,scattered clouds
341,Pemangkat,ID,2022-03-26 14:13:11,1.1667,108.9667,81.46,78,41,5.99,scattered clouds
342,Kuching,MY,2022-03-26 14:13:11,1.55,110.3333,77.22,100,40,3.44,thunderstorm with light rain
343,Tongchuan,CN,2022-03-26 14:13:12,35.0806,109.0897,50.16,34,80,6.87,broken clouds
344,Zeya,RU,2022-03-26 14:13:13,53.75,127.2667,20.66,93,100,5.1,overcast clouds
345,Tocopilla,CL,2022-03-26 14:13:13,-22.092,-70.1979,73.13,57,4,9.64,clear sky
346,Traian,RO,2022-03-26 14:13:13,46.6333,27.0333,65.68,22,0,11.5,clear sky
347,Jawar,IN,2022-03-26 14:13:14,23.0,76.5,87.78,13,3,4.0,clear sky
348,Warrington,GB,2022-03-26 14:13:15,53.3925,-2.5802,69.24,46,20,5.75,few clouds
349,Petropavlovsk-Kamchatskiy,RU,2022-03-26 14:13:15,53.0452,158.6483,19.99,73,0,8.95,clear sky
350,Hambantota,LK,2022-03-26 14:13:15,6.1241,81.1185,80.44,74,12,4.97,few clouds
351,Mahebourg,MU,2022-03-26 14:13:46,-20.4081,57.7,83.25,75,14,8.86,few clouds
352,Yuanping,CN,2022-03-26 14:13:46,38.7153,112.7575,39.81,29,0,15.21,clear sky
353,Green Valley,US,2022-03-26 14:13:47,31.8543,-110.9937,67.44,19,95,4.85,overcast clouds
354,Salinas,US,2022-03-26 14:13:47,36.6777,-121.6555,51.08,93,100,0.0,fog
355,Asau,RO,2022-03-26 14:13:47,46.4333,26.4,63.28,44,6,12.21,clear sky
356,Vienna,AT,2022-03-26 14:13:32,48.2085,16.3721,68.74,24,0,18.01,clear sky
357,Vallenar,CL,2022-03-26 14:13:48,-28.5708,-70.7581,69.64,54,0,3.22,clear sky
358,Meulaboh,ID,2022-03-26 14:13:48,4.1363,96.1285,80.67,78,78,5.3,broken clouds
359,Kalevala,RU,2022-03-26 14:13:48,65.2,31.1667,22.84,70,100,17.94,overcast clouds
360,Bahia Blanca,AR,2022-03-26 14:10:10,-38.7196,-62.2724,62.02,67,88,5.26,overcast clouds
361,Chicama,PE,2022-03-26 14:13:49,-7.8447,-79.1469,68.54,81,100,4.88,overcast clouds
362,Timiryazevskoye,RU,2022-03-26 14:13:49,56.49,84.8769,22.15,64,97,7.94,overcast clouds
363,Nalut,LY,2022-03-26 14:13:50,30.3333,10.85,83.53,8,91,25.95,overcast clouds
364,Muli,MV,2022-03-26 14:13:50,2.9167,73.5667,82.65,64,0,6.76,clear sky
365,Pakala,IN,2022-03-26 14:13:51,13.4667,79.1167,88.21,47,23,10.85,few clouds
366,Xiongzhou,CN,2022-03-26 14:13:51,25.1167,114.3,59.5,91,100,4.76,overcast clouds
367,Henties Bay,NA,2022-03-26 14:13:51,-22.116,14.2845,66.36,79,16,10.6,few clouds
368,Tecoanapa,MX,2022-03-26 14:13:52,16.5167,-98.75,78.13,43,100,2.73,overcast clouds
369,Zyryanka,RU,2022-03-26 14:12:18,65.75,150.85,7.52,88,100,9.13,overcast clouds
370,Baykit,RU,2022-03-26 14:13:52,61.67,96.37,24.64,96,100,4.41,snow
371,Garden City,US,2022-03-26 14:13:53,42.3256,-83.331,34.99,91,100,21.85,mist
372,Cidreira,BR,2022-03-26 14:13:53,-30.1811,-50.2056,71.87,58,4,16.11,clear sky
373,Tunggol,PH,2022-03-26 14:13:53,5.8446,121.1544,81.9,80,96,8.39,overcast clouds
374,San Cristobal,VE,2022-03-26 14:13:54,7.7669,-72.225,71.78,60,24,6.67,few clouds
375,Ellensburg,US,2022-03-26 14:13:54,46.9965,-120.5479,43.2,80,20,6.91,few clouds
376,Totskoye,RU,2022-03-26 14:13:54,52.5248,52.7623,32.38,94,97,8.72,overcast clouds
377,Talara,PE,2022-03-26 14:11:49,-4.5772,-81.2719,81.36,54,40,6.91,scattered clouds
378,Gazanjyk,TM,2022-03-26 14:13:55,39.2446,55.5154,54.27,43,3,16.67,clear sky
379,Tabou,CI,2022-03-26 14:13:55,4.423,-7.3528,86.16,65,99,10.42,overcast clouds
380,George,ZA,2022-03-26 14:13:56,-33.963,22.4617,66.61,69,34,14.61,scattered clouds
381,Waw,SS,2022-03-26 14:13:56,7.7029,27.9953,99.57,7,19,8.23,few clouds
382,Turkistan,KZ,2022-03-26 14:13:56,43.0,68.0,48.4,82,83,11.27,broken clouds
383,Moscow,RU,2022-03-26 14:12:47,55.7522,37.6156,39.72,65,55,12.86,broken clouds
384,Florida,US,2022-03-26 14:11:55,28.7505,-82.5001,68.9,66,0,5.75,clear sky
385,Yar-Sale,RU,2022-03-26 14:13:57,66.8333,70.8333,-4.09,92,77,6.31,broken clouds
386,Klaksvik,FO,2022-03-26 14:13:57,62.2266,-6.589,47.32,83,100,20.42,overcast clouds
387,Gejiu,CN,2022-03-26 14:13:58,23.306,103.1635,57.61,63,19,2.59,few clouds
388,Csokmo,HU,2022-03-26 14:13:58,47.0333,21.3,69.96,28,7,12.24,clear sky
389,Tadine,NC,2022-03-26 14:13:59,-21.55,167.8833,75.25,76,72,9.51,broken clouds
390,Komsomolskiy,UZ,2022-03-26 14:13:59,40.4272,71.7189,57.92,67,88,4.61,overcast clouds
391,Mahon,ES,2022-03-26 14:13:59,39.8885,4.2658,57.76,82,75,17.27,broken clouds
392,Half Moon Bay,US,2022-03-26 14:14:00,37.4636,-122.4286,51.48,91,100,5.75,overcast clouds
393,Te Anau,NZ,2022-03-26 14:14:00,-45.4167,167.7167,49.19,97,34,1.9,scattered clouds
394,Barcelos,PT,2022-03-26 14:14:00,41.5388,-8.6151,67.84,59,74,2.75,broken clouds
395,Kloulklubed,PW,2022-03-26 14:10:55,7.0419,134.2556,81.1,81,100,21.32,overcast clouds
396,Mezen,RU,2022-03-26 14:14:01,65.8522,44.24,20.79,84,100,17.45,overcast clouds
397,Berezovyy,RU,2022-03-26 14:12:18,51.6667,135.7,26.38,95,100,8.95,light snow
398,Pacifica,US,2022-03-26 14:13:13,37.6138,-122.4869,51.42,90,20,5.75,few clouds
399,Savannah Bight,HN,2022-03-26 14:14:03,16.45,-85.85,76.23,84,100,20.07,overcast clouds
400,Jardim,BR,2022-03-26 14:14:03,-21.4803,-56.1381,71.62,53,99,3.89,overcast clouds
401,Jiuquan,CN,2022-03-26 14:14:34,39.7432,98.5174,42.12,22,50,6.4,scattered clouds
402,Xichang,CN,2022-03-26 14:14:34,27.8964,102.2634,47.46,89,100,7.09,overcast clouds
403,Nhulunbuy,AU,2022-03-26 14:14:34,-12.2333,136.7667,77.61,94,100,4.61,overcast clouds
404,Gao,ML,2022-03-26 14:14:35,16.6362,1.637,102.25,7,11,17.87,few clouds
405,Margate,GB,2022-03-26 14:11:21,51.3813,1.3862,60.12,68,0,8.99,clear sky
406,Nuuk,GL,2022-03-26 14:14:35,64.1835,-51.7216,25.41,68,20,8.05,few clouds
407,Sao Miguel Do Araguaia,BR,2022-03-26 14:14:36,-13.275,-50.1628,84.85,64,27,3.56,scattered clouds
408,Miles City,US,2022-03-26 14:11:32,46.4083,-105.8406,29.37,64,0,9.22,clear sky
409,Katherine,AU,2022-03-26 14:14:36,-14.4667,132.2667,86.32,54,100,1.14,overcast clouds
410,Lensk,RU,2022-03-26 14:14:36,60.7253,114.9278,9.09,96,87,3.65,overcast clouds
411,Port Blair,IN,2022-03-26 14:14:37,11.6667,92.75,80.64,89,40,2.3,mist
412,Pisco,PE,2022-03-26 14:11:46,-13.7,-76.2167,69.85,73,0,6.91,clear sky
413,Salihorsk,BY,2022-03-26 14:14:37,52.7876,27.5415,46.87,60,100,22.01,overcast clouds
414,Havre,FR,2022-03-26 14:11:21,49.5833,0.3333,65.34,36,0,14.97,clear sky
415,Pangai,TO,2022-03-26 14:14:38,-19.8,-174.35,79.95,79,56,12.64,light rain
416,Marienburg,PL,2022-03-26 14:14:38,54.0359,19.0266,49.57,48,8,20.45,clear sky
417,Parry Sound,CA,2022-03-26 14:14:38,45.3501,-80.033,34.52,89,99,6.29,overcast clouds
418,Vardo,NO,2022-03-26 14:14:39,70.3705,31.1107,24.91,78,100,29.51,snow
419,Sundsvall,SE,2022-03-26 14:14:39,62.3913,17.3063,37.36,88,25,23.02,scattered clouds
420,Caravelas,BR,2022-03-26 14:14:40,-17.7125,-39.2481,87.28,52,83,7.2,broken clouds
421,Ballina,AU,2022-03-26 14:14:40,-28.8667,153.5667,67.01,99,99,2.71,light rain
422,Bhinga,IN,2022-03-26 14:14:40,27.7167,81.9333,81.63,10,0,6.24,clear sky
423,Naron,ES,2022-03-26 14:14:41,43.5167,-8.1528,68.85,71,100,7.76,overcast clouds
424,Flinders,AU,2022-03-26 14:12:03,-34.5833,150.8552,64.18,92,37,8.01,light rain
425,Myitkyina,MM,2022-03-26 14:14:41,25.3833,97.4,66.47,94,100,3.38,overcast clouds
426,Ugoofaaru,MV,2022-03-26 14:14:42,5.6667,73.0,82.44,65,0,5.21,clear sky
427,Sulphur Springs,US,2022-03-26 14:14:42,33.1385,-95.6011,56.82,58,0,8.05,clear sky
428,Mineiros,BR,2022-03-26 14:14:42,-17.5694,-52.5511,78.12,72,77,3.18,broken clouds
429,Kapuskasing,CA,2022-03-26 14:14:43,49.4169,-82.4331,17.69,86,100,23.02,overcast clouds
430,Porto Uniao,BR,2022-03-26 14:14:43,-26.2381,-51.0783,72.66,40,35,5.55,scattered clouds
431,Namatanai,PG,2022-03-26 14:14:43,-3.6667,152.4333,79.65,81,100,5.17,overcast clouds
432,Soderhamn,SE,2022-03-26 14:13:34,61.3037,17.0592,43.95,44,85,13.89,overcast clouds
433,Borovoy,RU,2022-03-26 14:14:44,55.4333,86.0833,22.28,53,0,6.71,clear sky
434,Dunedin,NZ,2022-03-26 14:14:44,-45.8742,170.5036,61.81,92,99,4.0,overcast clouds
435,Umea,SE,2022-03-26 14:14:45,63.8284,20.2597,33.91,40,0,19.57,clear sky
436,Kualakapuas,ID,2022-03-26 14:14:45,-3.0091,114.3876,77.99,89,56,2.8,broken clouds
437,Akhmim,EG,2022-03-26 14:14:46,26.5622,31.745,76.51,7,0,18.12,clear sky
438,Borogontsy,RU,2022-03-26 14:12:18,62.6683,131.1683,-3.6,100,81,1.23,broken clouds
439,Isangel,VU,2022-03-26 14:14:46,-19.55,169.2667,76.87,79,49,7.81,scattered clouds
440,Arman,RU,2022-03-26 14:14:46,59.7,150.1667,-6.99,86,17,6.89,few clouds
441,Hokitika,NZ,2022-03-26 14:14:47,-42.7167,170.9667,58.35,71,16,4.32,few clouds
442,Wukari,NG,2022-03-26 14:14:47,7.85,9.7833,108.0,8,93,6.93,overcast clouds
443,Zarand,IR,2022-03-26 14:14:48,30.8127,56.564,70.7,6,0,27.09,clear sky
444,Yairipok,IN,2022-03-26 14:14:48,24.6667,94.0667,63.75,91,4,5.73,clear sky
445,Dedza,MW,2022-03-26 14:14:49,-14.3779,34.3332,71.02,76,89,3.96,light rain
446,Sijunjung,ID,2022-03-26 14:14:49,-0.6876,100.9537,73.29,80,7,2.71,clear sky
447,Karlshamn,SE,2022-03-26 14:14:49,56.1706,14.8619,57.9,29,8,12.06,clear sky
448,Nanortalik,GL,2022-03-26 14:15:20,60.1432,-45.2371,29.53,63,0,2.37,clear sky
449,Lincoln,US,2022-03-26 14:10:27,40.8,-96.667,35.35,53,0,10.36,clear sky
450,Cuamba,MZ,2022-03-26 14:15:20,-14.8031,36.5372,79.14,82,96,3.11,light rain
451,Riyadh,SA,2022-03-26 14:15:21,24.6877,46.7219,71.74,11,0,13.15,clear sky
452,Beloha,MG,2022-03-26 14:15:21,-25.1667,45.05,79.75,64,57,13.49,broken clouds
453,Prince Rupert,CA,2022-03-26 14:15:22,54.3161,-130.3201,40.69,100,100,4.61,overcast clouds
454,Hasanabad,IR,2022-03-26 14:15:22,36.5465,61.0543,59.22,51,75,0.0,broken clouds
455,Richards Bay,ZA,2022-03-26 14:15:23,-28.783,32.0377,77.4,70,100,6.8,light rain
456,Yulara,AU,2022-03-26 14:15:23,-25.2406,130.9889,76.84,29,5,9.22,clear sky
457,Tambo,PE,2022-03-26 14:15:24,-14.8,-73.9167,42.31,69,97,4.12,overcast clouds
458,Birao,CF,2022-03-26 14:15:24,10.2849,22.7882,98.51,6,33,12.53,scattered clouds
459,Maku,IR,2022-03-26 14:15:25,39.2911,44.4521,41.61,48,20,11.5,few clouds
460,Palmas,BR,2022-03-26 14:15:25,-10.2128,-48.3603,82.27,78,40,4.61,scattered clouds
461,Dutlwe,BW,2022-03-26 14:15:26,-23.9833,23.9,78.01,45,97,6.8,overcast clouds
462,Toguchin,RU,2022-03-26 14:15:26,55.2353,84.3858,7.99,95,88,5.53,overcast clouds
463,Alyangula,AU,2022-03-26 14:15:26,-13.8483,136.4192,82.2,68,100,9.86,overcast clouds
464,Kirakira,SB,2022-03-26 14:15:27,-10.4544,161.9205,80.15,82,100,5.99,moderate rain
465,Brainerd,US,2022-03-26 14:15:28,46.358,-94.2008,17.38,53,0,16.11,clear sky
466,Rabo De Peixe,PT,2022-03-26 14:15:28,37.8,-25.5833,56.71,94,75,16.11,broken clouds
467,Chifeng,CN,2022-03-26 14:15:29,42.2683,118.9636,36.72,24,100,17.02,overcast clouds
468,Ternate,ID,2022-03-26 14:15:29,0.8,127.4,80.46,80,100,9.26,light rain
469,Gondanglegi,ID,2022-03-26 14:15:30,-7.7479,112.0132,75.49,94,100,3.06,overcast clouds
470,Port Keats,AU,2022-03-26 14:15:30,-14.25,129.55,81.61,78,100,3.31,overcast clouds
471,San Juan Del Sur,NI,2022-03-26 14:15:30,11.2529,-85.8705,80.82,69,20,13.8,few clouds
472,Jennings,US,2022-03-26 14:15:31,38.7192,-90.2604,42.94,49,0,19.57,clear sky
473,Dombarovskiy,RU,2022-03-26 14:15:31,50.7587,59.5386,27.97,93,100,13.62,overcast clouds
474,Maniitsoq,GL,2022-03-26 14:15:31,65.4167,-52.9,20.41,72,100,5.32,overcast clouds
475,Saint-Francois,FR,2022-03-26 14:15:32,46.4154,3.9054,69.67,39,0,8.05,clear sky
476,Dezhou,CN,2022-03-26 14:15:32,37.4486,116.2925,57.78,14,62,19.28,broken clouds
477,Utinga,BR,2022-03-26 14:15:33,-5.8172,-35.3954,77.4,100,100,4.61,moderate rain
478,Mlonggo,ID,2022-03-26 14:15:33,-6.5333,110.7,79.77,83,100,8.72,overcast clouds
479,Aldan,RU,2022-03-26 14:15:33,58.6031,125.3894,3.97,96,56,5.03,broken clouds
480,Gikongoro,RW,2022-03-26 14:15:34,-2.464,29.5739,70.43,67,83,4.76,broken clouds
481,Ha Tinh,VN,2022-03-26 14:15:34,18.3333,105.9,81.18,71,1,4.14,clear sky
482,Oistins,BB,2022-03-26 14:14:25,13.0667,-59.5333,84.29,58,40,20.71,scattered clouds
483,Agadez,NE,2022-03-26 14:15:35,19.75,10.25,87.85,7,82,13.94,broken clouds
484,Cap Malheureux,MU,2022-03-26 14:15:35,-19.9842,57.6142,83.46,78,2,5.01,clear sky
485,Mehran,IR,2022-03-26 14:15:36,33.1222,46.1646,65.12,27,5,13.49,clear sky
486,Libreville,GA,2022-03-26 14:13:02,0.3925,9.4537,85.51,72,100,8.25,light rain
487,Oranjemund,NA,2022-03-26 14:15:36,-28.55,16.4333,66.29,69,0,11.59,clear sky
488,Chase,CA,2022-03-26 14:15:37,50.8165,-119.6857,39.33,95,100,1.95,overcast clouds
489,Ahuimanu,US,2022-03-26 14:15:38,21.4447,-157.8378,72.86,77,40,3.44,scattered clouds
490,Tura,IN,2022-03-26 14:15:39,25.5198,90.2201,75.99,16,0,3.78,clear sky
491,Saint-Georges,GD,2022-03-26 14:15:39,12.0564,-61.7485,82.08,69,20,26.46,few clouds
492,Mount Isa,AU,2022-03-26 14:15:40,-20.7333,139.5,74.97,69,0,2.3,light rain
493,Itarema,BR,2022-03-26 14:10:41,-2.9248,-39.9167,84.81,67,95,7.49,overcast clouds
494,Indianola,US,2022-03-26 14:16:10,41.3581,-93.5574,28.99,52,0,18.68,clear sky
495,Mishkino,RU,2022-03-26 14:16:11,55.3389,63.9175,11.3,92,24,6.29,few clouds
496,Palestine,PS,2022-03-26 14:14:01,31.9216,35.2033,56.35,57,0,14.54,clear sky
497,Moree,AU,2022-03-26 14:16:12,-29.4667,149.85,66.22,88,100,9.22,light rain
498,Padang,ID,2022-03-26 14:16:14,-0.9492,100.3543,77.5,77,6,2.75,clear sky
499,Nizhniy Kuranakh,RU,2022-03-26 14:12:15,58.8353,125.4869,4.69,98,69,2.91,broken clouds
500,Noumea,NC,2022-03-26 14:16:17,-22.2763,166.4572,71.58,78,39,7.67,scattered clouds
501,Iacu,BR,2022-03-26 14:16:17,-12.7672,-40.2117,89.1,48,44,1.63,scattered clouds
502,Goma,CD,2022-03-26 14:16:18,-1.6792,29.2228,70.9,81,100,1.3,light rain
503,Illapel,CL,2022-03-26 14:16:18,-31.6308,-71.1653,70.16,58,0,4.36,clear sky
504,Sambava,MG,2022-03-26 14:16:19,-14.2667,50.1667,82.54,78,15,8.3,few clouds
505,Saint Helens,GB,2022-03-26 14:14:22,53.45,-2.7333,69.01,46,20,5.75,few clouds
506,Kassala,SD,2022-03-26 14:16:19,15.451,36.4,92.68,18,1,14.94,clear sky
507,Madawaska,US,2022-03-26 14:16:20,47.3561,-68.3288,33.49,82,100,3.44,overcast clouds
508,Taseyevo,RU,2022-03-26 14:16:20,57.2169,94.8978,24.91,77,99,13.94,overcast clouds
509,Kabanjahe,ID,2022-03-26 14:16:21,3.1001,98.4908,65.16,95,98,2.93,overcast clouds
510,Monrovia,LR,2022-03-26 14:15:45,6.3005,-10.7969,86.59,64,96,6.91,overcast clouds
511,Burns Lake,CA,2022-03-26 14:15:05,54.2331,-125.7533,27.82,89,100,2.51,overcast clouds
512,Payo,ID,2022-03-26 14:16:22,-3.7508,103.6372,74.64,96,84,3.11,broken clouds
513,Korla,CN,2022-03-26 14:16:22,41.7597,86.1469,50.9,38,0,7.94,clear sky
514,Payyannur,IN,2022-03-26 14:16:22,12.1,75.2,81.95,78,34,5.93,scattered clouds
515,Rafaela,AR,2022-03-26 14:16:23,-31.2503,-61.4867,67.98,49,0,1.01,clear sky
516,Missoula,US,2022-03-26 14:16:24,47.0166,-113.8009,32.09,85,100,2.46,overcast clouds
517,Cajabamba,PE,2022-03-26 14:16:24,-7.6167,-78.05,57.16,79,100,2.37,light rain
518,Baruun-Urt,MN,2022-03-26 14:16:25,46.6806,113.2792,23.22,35,94,7.07,overcast clouds
519,Morehead,US,2022-03-26 14:16:26,37.2711,-87.1764,46.99,47,0,18.41,clear sky
520,Mpika,ZM,2022-03-26 14:16:26,-11.8343,31.4529,75.42,70,95,6.76,light rain
521,Careiro Da Varzea,BR,2022-03-26 14:16:26,-3.2003,-59.8119,83.03,70,100,3.76,overcast clouds
522,Sabaudia,IT,2022-03-26 14:16:27,41.3003,13.0282,66.88,59,79,5.61,broken clouds
523,Lexington,US,2022-03-26 14:16:17,37.9887,-84.4777,43.41,49,20,20.71,few clouds
524,Madang,PG,2022-03-26 14:16:28,-5.2246,145.7966,77.0,90,100,3.89,moderate rain
525,Puerto Escondido,MX,2022-03-26 14:16:28,15.85,-97.0667,79.63,89,0,8.05,clear sky
526,Pimenta Bueno,BR,2022-03-26 14:16:28,-11.6725,-61.1936,78.44,85,98,4.68,overcast clouds
527,Norsup,VU,2022-03-26 14:16:29,-16.0667,167.3833,79.45,85,78,3.69,broken clouds
528,Chukhloma,RU,2022-03-26 14:16:29,58.7525,42.6825,32.34,99,100,6.26,snow
529,Aklavik,CA,2022-03-26 14:16:30,68.2191,-135.0107,-11.2,77,20,5.75,few clouds
530,Butajira,ET,2022-03-26 14:16:30,8.1167,38.3667,74.57,34,8,17.54,clear sky
531,Juneau,US,2022-03-26 14:15:45,58.3019,-134.4197,36.21,97,100,0.0,fog
532,Saurimo,AO,2022-03-26 14:16:31,-9.6608,20.3916,82.17,60,100,3.0,light rain
533,Agadir,MA,2022-03-26 14:16:31,30.4202,-9.5982,70.25,57,1,9.69,clear sky
534,Astaneh-Ye Ashrafiyeh,IR,2022-03-26 14:16:32,37.2596,49.9444,51.73,82,79,8.63,broken clouds
535,Ahipara,NZ,2022-03-26 14:16:32,-35.1667,173.1667,61.3,78,0,7.58,clear sky
536,Chhatapur,IN,2022-03-26 14:16:33,26.2167,87.0167,83.77,9,0,9.06,clear sky
537,Varkkallai,IN,2022-03-26 14:16:33,8.7341,76.7067,85.78,76,5,2.44,clear sky
538,Ilinskiy,RU,2022-03-26 14:16:33,55.619,38.1182,39.58,65,40,11.18,scattered clouds
539,Potosi,BO,2022-03-26 14:16:34,-19.5836,-65.7531,50.07,48,53,4.47,broken clouds
540,Coro,VE,2022-03-26 14:17:04,11.4045,-69.6734,83.01,68,94,14.74,overcast clouds
541,Alofi,NU,2022-03-26 14:17:05,-19.0595,-169.9187,76.89,94,100,9.22,overcast clouds
542,Seoul,KR,2022-03-26 14:17:05,37.5683,126.9778,49.57,53,0,6.91,clear sky
543,Toora-Khem,RU,2022-03-26 14:17:06,52.4675,96.11,8.53,96,31,3.36,scattered clouds
544,Russell,US,2022-03-26 14:15:44,32.3502,-85.1999,56.48,56,0,11.5,clear sky
545,Basi,IN,2022-03-26 14:17:06,26.8333,76.0333,91.74,8,0,7.74,clear sky
546,Ljungby,SE,2022-03-26 14:17:07,56.8332,13.9408,51.98,30,11,11.18,few clouds
547,Andenes,NO,2022-03-26 14:17:07,69.3143,16.1194,28.38,80,40,8.05,snow
548,Thanh Hoa,VN,2022-03-26 14:17:08,19.8,105.7667,78.64,79,15,5.28,few clouds
549,Awjilah,LY,2022-03-26 14:17:10,29.1081,21.2869,73.22,14,0,9.86,clear sky
550,Ayr,GB,2022-03-26 14:17:10,55.4627,-4.6339,62.98,63,0,6.91,clear sky
551,Kabo,CF,2022-03-26 14:17:11,7.6994,18.629,104.72,7,99,8.28,overcast clouds
552,Pinyug,RU,2022-03-26 14:17:11,60.251,47.7842,32.81,98,100,11.14,light snow
553,Sungairaya,ID,2022-03-26 14:17:11,0.7,108.9,80.47,81,15,4.9,few clouds
554,Agboville,CI,2022-03-26 14:17:12,5.928,-4.2132,100.27,34,96,2.86,overcast clouds
555,Abu Zabad,SD,2022-03-26 14:17:12,12.35,29.25,89.56,8,59,18.72,broken clouds
556,Santa Isabel Do Rio Negro,BR,2022-03-26 14:17:14,-0.4139,-65.0192,82.17,81,100,2.71,overcast clouds
557,Naze,JP,2022-03-26 14:17:14,28.3667,129.4833,61.72,81,30,13.4,scattered clouds
558,Port Moresby,PG,2022-03-26 14:17:15,-9.4431,147.1797,77.94,84,99,2.33,overcast clouds
559,Srednekolymsk,RU,2022-03-26 14:17:15,67.45,153.6833,2.93,95,100,12.44,overcast clouds
560,Strezhevoy,RU,2022-03-26 14:17:16,60.7333,77.5889,18.45,88,98,10.8,overcast clouds
561,Buraydah,SA,2022-03-26 14:15:28,26.326,43.975,70.25,16,0,10.92,clear sky
562,Honiara,SB,2022-03-26 14:17:16,-9.4333,159.95,76.82,93,100,2.13,light rain
563,Kulhudhuffushi,MV,2022-03-26 14:17:17,6.6221,73.07,82.56,65,0,5.59,clear sky
564,Paamiut,GL,2022-03-26 14:17:17,61.994,-49.6678,24.15,64,49,10.31,scattered clouds
565,Talikota,IN,2022-03-26 14:17:17,16.4833,76.3167,93.76,25,78,8.66,broken clouds
566,Kattivakkam,IN,2022-03-26 14:17:18,13.2167,80.3167,86.09,85,25,14.27,scattered clouds
567,Moron,AR,2022-03-26 14:17:18,-34.6534,-58.6198,67.01,80,93,11.77,overcast clouds
568,Cabra,ES,2022-03-26 14:17:19,37.4725,-4.4421,60.66,59,54,3.0,broken clouds
569,Suntar,RU,2022-03-26 14:17:19,62.1444,117.6319,10.2,98,100,1.61,overcast clouds
570,Lagoa,PT,2022-03-26 14:17:20,39.05,-27.9833,57.15,93,100,12.77,overcast clouds
571,Predivinsk,RU,2022-03-26 14:17:20,57.0669,93.4378,22.93,79,86,12.77,overcast clouds
572,Duncan,US,2022-03-26 14:17:21,34.5023,-97.9578,52.38,46,0,10.36,clear sky
573,Safaga,EG,2022-03-26 14:17:21,26.7292,33.9365,67.98,40,0,18.97,clear sky
574,Nigran,ES,2022-03-26 14:17:21,42.1415,-8.8066,68.77,48,0,2.3,clear sky
575,Jiazi,CN,2022-03-26 14:17:22,22.8779,116.067,75.24,94,76,7.31,broken clouds
576,Atagay,RU,2022-03-26 14:17:22,55.1033,99.3875,26.08,87,100,5.57,overcast clouds
577,Jalu,LY,2022-03-26 14:17:23,29.0331,21.5482,73.09,14,0,10.45,clear sky
578,Soligalich,RU,2022-03-26 14:17:23,59.0778,42.2864,32.77,100,100,2.33,snow
579,Kyaiklat,MM,2022-03-26 14:17:24,16.4333,95.7333,83.97,62,24,9.71,few clouds
580,Neuquen,AR,2022-03-26 14:13:34,-38.9516,-68.0591,66.09,45,0,0.0,clear sky
581,Kharod,IN,2022-03-26 14:17:24,21.75,82.5667,91.63,17,17,6.2,few clouds
582,Mbalmayo,CM,2022-03-26 14:17:25,3.5167,11.5,93.2,27,100,3.4,overcast clouds
583,San Patricio,US,2022-03-26 14:17:25,28.017,-97.5169,68.9,69,0,8.03,clear sky
584,Vila Franca Do Campo,PT,2022-03-26 14:17:26,37.7167,-25.4333,57.61,88,97,25.75,overcast clouds
585,Panlaitan,PH,2022-03-26 14:17:56,12.1191,119.8486,83.53,71,41,0.49,scattered clouds
586,Muroto,JP,2022-03-26 14:17:56,33.2833,134.15,63.99,97,85,9.1,overcast clouds
587,Hay River,CA,2022-03-26 14:17:57,60.8156,-115.7999,3.18,72,100,6.91,light snow
588,Vilyuysk,RU,2022-03-26 14:17:58,63.7553,121.6247,13.46,99,100,3.11,overcast clouds
589,Cayenne,GF,2022-03-26 14:17:59,4.9333,-52.3333,84.09,1,75,16.11,broken clouds
590,Veraval,IN,2022-03-26 14:18:00,20.9,70.3667,79.79,70,5,9.55,clear sky
591,Aykhal,RU,2022-03-26 14:18:00,66.0,111.5,9.09,99,100,4.27,overcast clouds
592,Bafra,TR,2022-03-26 14:18:00,41.5678,35.9069,49.82,77,57,14.88,broken clouds
593,Guapo,BR,2022-03-26 14:18:01,-16.8306,-49.5319,82.78,59,59,2.82,broken clouds
594,Dwarka,IN,2022-03-26 14:18:01,22.2394,68.9678,81.82,60,0,11.01,clear sky
595,Ankara,TR,2022-03-26 14:14:08,39.9199,32.8543,44.33,47,75,11.5,broken clouds
596,Nantucket,US,2022-03-26 14:16:51,41.2835,-70.0995,51.91,74,0,10.36,clear sky
597,Magadan,RU,2022-03-26 14:18:02,59.5667,150.8,-7.47,88,35,6.08,scattered clouds
598,Arboletes,CO,2022-03-26 14:18:04,8.8505,-76.4269,81.05,77,99,6.8,overcast clouds
599,Basoko,CD,2022-03-26 14:18:04,1.2391,23.616,95.36,32,73,2.24,broken clouds
600,Olafsvik,IS,2022-03-26 14:18:05,64.8945,-23.7142,43.75,90,100,23.62,overcast clouds
601,Taldan,RU,2022-03-26 14:18:05,53.6667,124.8,17.71,95,100,3.91,overcast clouds
602,Hailar,CN,2022-03-26 14:18:06,49.2,119.7,14.38,75,54,8.14,broken clouds
603,Ahmadabad,IN,2022-03-26 14:17:14,23.0333,72.6167,98.64,16,0,4.61,smoke
604,Mochalishche,RU,2022-03-26 14:18:07,56.3306,48.3547,34.77,98,100,16.15,overcast clouds
605,Poum,NC,2022-03-26 14:18:07,-20.2333,164.0167,79.92,76,77,16.87,broken clouds
606,Egvekinot,RU,2022-03-26 14:18:07,66.3167,-179.1667,4.51,96,100,3.04,light snow
607,Villa Carlos Paz,AR,2022-03-26 14:18:08,-31.4241,-64.4978,71.38,30,0,4.94,clear sky
608,Minna,NG,2022-03-26 14:18:08,9.6139,6.5569,105.51,12,57,8.05,haze
609,Guna,IN,2022-03-26 14:18:09,24.65,77.3167,85.8,10,0,5.61,clear sky
610,Asosa,ET,2022-03-26 14:18:09,10.0667,34.5333,89.01,11,100,7.16,overcast clouds
611,Sorland,NO,2022-03-26 14:18:10,67.667,12.6934,33.66,53,100,12.37,light snow
612,Hovd,MN,2022-03-26 14:18:10,48.0056,91.6419,26.92,37,2,0.69,clear sky
613,Sretensk,RU,2022-03-26 14:18:11,52.2453,117.7093,14.0,98,86,0.85,overcast clouds
614,Czarnkow,PL,2022-03-26 14:18:11,52.9021,16.5641,49.75,76,100,11.34,overcast clouds
615,Orlik,RU,2022-03-26 14:18:12,52.5178,99.825,0.9,90,32,4.83,scattered clouds
616,Jacksonville,US,2022-03-26 14:14:14,30.3322,-81.6556,64.06,59,0,8.05,clear sky
617,Coihaique,CL,2022-03-26 14:18:12,-45.5752,-72.0662,57.81,67,75,5.75,broken clouds
618,Sangar,RU,2022-03-26 14:18:14,63.9242,127.4739,-4.0,100,96,2.1,overcast clouds
619,San Jose,US,2022-03-26 14:16:36,37.3394,-121.895,49.59,87,20,5.75,smoke
620,Verkhnevilyuysk,RU,2022-03-26 14:18:15,63.4453,120.3167,15.35,96,100,2.62,overcast clouds
621,Umm Lajj,SA,2022-03-26 14:18:15,25.0213,37.2685,72.18,48,0,31.21,clear sky
622,Rangapara,IN,2022-03-26 14:18:16,26.8167,92.65,75.81,54,16,3.36,few clouds
623,Torbeyevo,RU,2022-03-26 14:18:16,54.0797,43.2473,36.34,98,100,22.68,overcast clouds
624,Lubango,AO,2022-03-26 14:18:16,-14.9172,13.4925,75.52,40,10,7.67,clear sky
625,Ucluelet,CA,2022-03-26 14:17:37,48.9329,-125.5528,43.09,89,100,10.87,overcast clouds
626,Garowe,SO,2022-03-26 14:18:17,8.4054,48.4845,93.58,8,95,16.69,overcast clouds
627,Abha,SA,2022-03-26 14:18:18,18.2164,42.5053,69.62,52,0,11.5,clear sky
628,Porec,HR,2022-03-26 14:18:18,45.2258,13.5939,68.65,47,0,5.39,clear sky
629,Pitimbu,BR,2022-03-26 14:18:19,-7.4706,-34.8086,81.19,72,96,10.4,overcast clouds
630,Fairbanks,US,2022-03-26 14:17:49,64.8378,-147.7164,19.74,72,40,0.0,scattered clouds
631,Pyay,MM,2022-03-26 14:18:50,18.8167,95.2167,86.5,52,1,8.59,clear sky
632,Merauke,ID,2022-03-26 14:18:50,-8.4667,140.3333,80.53,84,100,7.61,overcast clouds
633,Rio Grande,BR,2022-03-26 14:15:57,-32.035,-52.0986,69.91,78,100,17.05,overcast clouds
634,Najran,SA,2022-03-26 14:18:51,17.4924,44.1277,84.85,14,1,14.43,clear sky
635,Belorechensk,RU,2022-03-26 14:18:51,44.76,39.87,44.65,77,91,11.52,overcast clouds
636,Indramayu,ID,2022-03-26 14:17:08,-6.3264,108.32,82.27,76,100,4.81,overcast clouds
637,Boyolangu,ID,2022-03-26 14:18:52,-8.1181,111.8935,76.33,91,99,2.08,overcast clouds
638,Zhanakorgan,KZ,2022-03-26 14:18:52,43.9098,67.2495,54.37,40,77,11.63,broken clouds
639,Saint-Pierre,RE,2022-03-26 14:18:52,-21.3393,55.4781,83.88,65,40,2.3,scattered clouds
640,Manggar,ID,2022-03-26 14:18:53,-2.8833,108.2667,80.19,80,56,2.04,broken clouds
641,Paka,MY,2022-03-26 14:18:53,4.6374,103.4368,80.53,94,6,1.14,clear sky
642,Harper,LR,2022-03-26 14:18:53,4.375,-7.7169,85.48,66,91,9.51,overcast clouds
643,Carballo,ES,2022-03-26 14:18:54,43.213,-8.691,67.69,70,99,3.13,overcast clouds
644,Talaya,RU,2022-03-26 14:18:54,61.3833,152.75,-6.0,100,99,2.08,overcast clouds
645,Derzhavinsk,KZ,2022-03-26 14:18:55,51.1,66.3167,29.37,92,100,18.75,overcast clouds
646,Kudahuvadhoo,MV,2022-03-26 14:18:55,2.6708,72.8944,82.33,67,0,7.31,clear sky
647,Fuling,CN,2022-03-26 14:18:55,29.7022,107.3919,54.68,96,100,0.94,overcast clouds
648,Roald,NO,2022-03-26 14:18:56,62.5833,6.1333,46.09,52,0,2.3,clear sky
649,Hofn,IS,2022-03-26 14:18:56,64.2539,-15.2082,43.63,96,100,3.56,overcast clouds
650,Lamar,US,2022-03-26 14:18:56,33.6668,-95.5836,55.98,54,0,10.36,clear sky
651,Dawei,MM,2022-03-26 14:18:57,14.0833,98.2,79.84,88,15,3.8,few clouds
652,Port-Cartier,CA,2022-03-26 14:18:57,50.0334,-66.8654,32.76,97,100,13.09,snow
653,Lerik,AZ,2022-03-26 14:18:57,38.7726,48.4128,38.12,93,85,2.62,overcast clouds
654,Pescara,IT,2022-03-26 14:18:58,42.3333,13.95,68.09,49,57,6.46,broken clouds
655,College,US,2022-03-26 14:18:58,64.8569,-147.8028,19.72,71,75,0.0,broken clouds
656,Atar,MR,2022-03-26 14:18:59,20.5169,-13.0499,91.56,7,0,9.62,clear sky
657,Bonavista,CA,2022-03-26 14:18:59,48.6499,-53.1147,30.52,96,100,29.33,snow
658,Hauterive,FR,2022-03-26 14:18:59,46.0901,3.4459,68.76,36,0,7.16,clear sky
659,Akyab,MM,2022-03-26 14:19:00,20.15,92.9,81.05,77,6,6.78,clear sky
660,Eydhafushi,MV,2022-03-26 14:19:00,5.1033,73.0708,82.51,64,0,5.84,clear sky
661,Berekum,GH,2022-03-26 14:19:00,7.4534,-2.584,99.36,28,84,4.9,broken clouds
662,Weiser,US,2022-03-26 14:19:01,44.251,-116.9693,44.31,79,100,1.74,overcast clouds
663,Akdepe,TM,2022-03-26 14:19:01,42.0551,59.3788,46.49,48,69,22.41,broken clouds
664,Pandan,PH,2022-03-26 14:19:02,14.0453,124.1694,79.39,84,70,6.49,broken clouds
665,Montepuez,MZ,2022-03-26 14:19:02,-13.1256,38.9997,81.55,79,77,1.59,light rain
666,Teguise,ES,2022-03-26 14:19:03,29.0605,-13.564,64.62,68,20,8.05,few clouds
667,Bac Lieu,VN,2022-03-26 14:14:40,9.285,105.7244,83.75,72,0,7.72,clear sky
668,Qui Nhon,VN,2022-03-26 14:19:05,13.7667,109.2333,79.61,90,39,5.39,scattered clouds
669,Fairmont,US,2022-03-26 14:16:04,39.4851,-80.1426,38.57,91,100,3.0,light snow
670,Nusaybin,TR,2022-03-26 14:19:06,37.0778,41.2178,55.36,37,11,5.44,few clouds
